rank,tier,priority_score,wallet_address,gmgn_url,label,twitter_username,twitter_name,target_sightings,target_tokens,target_share,total_sightings,token_count,sightings_per_day,days_since_last_seen,last_target_seen_iso,last_seen_iso,avg_target_mcap,avg_target_amount_usd,pnl_usd,win_rate,pnl_fresh,pnl_age_days,pnl_snapshot_at_iso,avg_buy_usd,sources,tags,provider_tags,token_tags,manual_rating,manual_notes
1,A,207.2,69z4qTgQ5DBRTJvnQzx2h8jZhNsv5UgADotEwwKUm2JS,https://gmgn.ai/sol/address/69z4qTgQ5DBRTJvnQzx2h8jZhNsv5UgADotEwwKUm2JS,Tyrelle Anderson-Brown,TyrelleAB,Tyrelle Anderson-Brown,5,5,0.385,13,12,3.28,0.1,2026-05-10T10:05:25.000Z,2026-05-12T06:42:38.128Z,112341,10,87.69189989285397,0,yes,0.1,2026-05-12T06:42:38.128Z,0.0002980672246331545,gmgn|okx,renowned|kol,kol|gmgn|bluechip_owner,paper_hands|bundler,,
2,A,187.6,DWja6UWwLhX3uK4joHd7JwGHU2cpZP4cvevEQ69rxxqu,https://gmgn.ai/sol/address/DWja6UWwLhX3uK4joHd7JwGHU2cpZP4cvevEQ69rxxqu,,,,6,6,0.545,11,11,3.78,1.1,2026-05-11T00:44:54.000Z,2026-05-11T05:34:06.308Z,101302,0,615.16220357269,0,yes,1.1,2026-05-11T05:34:06.308Z,0.0000621582138484806,gmgn,smart_degen,,bundler|paper_hands,,
3,A,180.8,2fg5QD1eD7rzNNCsvnhmXFm5hqNgwTTG8p7kQ6f3rx6f,https://gmgn.ai/sol/address/2fg5QD1eD7rzNNCsvnhmXFm5hqNgwTTG8p7kQ6f3rx6f,Cupsey,Cupseyy,Cupsey,3,3,0.231,13,12,3.27,0.1,2026-05-10T15:44:28.000Z,2026-05-12T06:42:34.192Z,114266,0,1140.2884009914674,0,yes,0.1,2026-05-12T06:42:34.192Z,0.005819123220736788,gmgn|okx,renowned|kol,kol|axiom|gmgn|wash_trader,bundler|transfer_in|paper_hands|diamond_hands|top_holder,,
4,A,170.6,CXVJewdc79TYR55sz4SGLSWUPz3r4LBJ9Mn93bZ8ZyAz,https://gmgn.ai/sol/address/CXVJewdc79TYR55sz4SGLSWUPz3r4LBJ9Mn93bZ8ZyAz,,,,5,5,0.714,7,7,2.4,1.1,2026-05-10T20:12:31.000Z,2026-05-11T05:34:06.310Z,102302,0,150.0469093286,0,yes,1.1,2026-05-11T05:34:06.310Z,0.0001932356308058996,gmgn,smart_degen,axiom|bullx|gmgn|padre,bundler|paper_hands,,
5,A,169.6,zephyrni115ZD4MvotSF8Xi92yennkdpT5nJkAjGdSU,https://gmgn.ai/sol/address/zephyrni115ZD4MvotSF8Xi92yennkdpT5nJkAjGdSU,,,,4,4,0.444,9,9,2.27,0.1,2026-05-10T20:43:23.000Z,2026-05-12T06:42:34.187Z,92925,0,177.21619009072,0,yes,0.1,2026-05-12T06:42:34.187Z,0.009000164520530565,gmgn,smart_degen,padre,bundler|paper_hands,,
6,A,168.2,suqh5sHtr8HyJ7q8scBimULPkPpA557prMG47xCHQfK,https://gmgn.ai/sol/address/suqh5sHtr8HyJ7q8scBimULPkPpA557prMG47xCHQfK,Cupsey,Cupseyy,Cupsey,3,3,0.300,10,10,2.53,0.1,2026-05-10T05:22:56.000Z,2026-05-12T06:42:16.141Z,114266,0,125.41405879125,0,yes,0.1,2026-05-12T06:42:16.141Z,0.00006937524106729314,gmgn|okx,renowned|kol,kol|axiom|photon,bundler|paper_hands,,
7,A,162.9,8LUtQLSVoKewkXXHSsWJA9sio9cH7Q4hSfKVm5cRk7QY,https://gmgn.ai/sol/address/8LUtQLSVoKewkXXHSsWJA9sio9cH7Q4hSfKVm5cRk7QY,,,,5,5,0.385,13,12,4.44,1.1,2026-05-10T20:16:06.000Z,2026-05-11T05:34:06.309Z,90160,0,50.49119096448,0,yes,1.1,2026-05-11T05:34:06.309Z,0.00017800347342992432,gmgn,smart_degen,axiom,bundler|paper_hands,,
8,A,162.6,43QmFc2QPPGyMrSNuPnhvfs8BFW1XVZYFdbwURtWoo9x,https://gmgn.ai/sol/address/43QmFc2QPPGyMrSNuPnhvfs8BFW1XVZYFdbwURtWoo9x,,,,4,4,0.400,10,9,2.52,0.1,2026-05-10T20:52:54.000Z,2026-05-12T06:42:38.125Z,93032,0,11.60862746301,0,yes,0.1,2026-05-12T06:42:38.125Z,0.00014137073977517716,gmgn,smart_degen,gmgn,bundler|paper_hands,,
9,A,161.4,9488N1xhqspsRwSHJJdUJxvApZxgTbLStbGZAT9H12H3,https://gmgn.ai/sol/address/9488N1xhqspsRwSHJJdUJxvApZxgTbLStbGZAT9H12H3,,,,4,3,0.333,12,11,3.02,0.1,2026-05-10T05:37:25.000Z,2026-05-12T06:42:46.145Z,108387,0,51.19011839141,0,yes,0.1,2026-05-12T06:42:46.145Z,0.00011278255270308967,gmgn,smart_degen,axiom|trojan,bundler|paper_hands,,
10,A,161.2,7wiEWKeG7sFUNh1TgujwCa9cmJtSSE4mNLDde7knjoeE,https://gmgn.ai/sol/address/7wiEWKeG7sFUNh1TgujwCa9cmJtSSE4mNLDde7knjoeE,,,,3,3,0.200,15,14,3.77,0.1,2026-05-10T20:24:16.000Z,2026-05-12T06:42:46.143Z,93261,0,14.05369812612,0,yes,0.1,2026-05-12T06:42:46.143Z,0.0002085204865023099,gmgn,smart_degen,axiom|bullx|padre,paper_hands|bundler,,
11,A,155.5,6EDaVsS6enYgJ81tmhEkiKFcb4HuzPUVFZeom6PHUqN3,https://gmgn.ai/sol/address/6EDaVsS6enYgJ81tmhEkiKFcb4HuzPUVFZeom6PHUqN3,Cowboy🔶BNB,feibo03,Cowboy🔶BNB,3,3,0.300,10,10,2.52,0.1,2026-05-10T05:37:10.000Z,2026-05-12T06:42:38.127Z,114266,13,-69.59994638265,0,yes,0.1,2026-05-12T06:42:38.127Z,0.00006805461159950683,gmgn|okx,renowned|smart_money,kol|axiom|bullx|gmgn,bundler|paper_hands,,
12,A,154.5,8fcpKabenaFrm53uB2jaMk9vpUVHa626KKcSYTiTCAf2,https://gmgn.ai/sol/address/8fcpKabenaFrm53uB2jaMk9vpUVHa626KKcSYTiTCAf2,,,,6,5,0.545,11,10,11,4,2026-05-08T08:01:34.000Z,2026-05-08T08:07:29.513Z,101776,22,89.46642681825,0,no,4,2026-05-08T08:07:29.513Z,0.002991274042175489,gmgn,smart_degen,,,,
13,B,153.2,AVjEtg2ECYKXYeqdRQXvaaAZBjfTjYuSMTR4WLhKoeQN,https://gmgn.ai/sol/address/AVjEtg2ECYKXYeqdRQXvaaAZBjfTjYuSMTR4WLhKoeQN,Putrick,Putrickk,Putrick,2,2,1.000,2,2,0.69,1.1,2026-05-10T06:59:50.000Z,2026-05-11T05:33:22.267Z,99339,0,642.00504966179,0,yes,1.1,2026-05-11T05:33:22.267Z,0.0006613780069502252,gmgn|okx,renowned|kol,kol|axiom,bundler|sniper,,
14,A,153,FpD6n8gfoZNxyAN6QqNH4TFQdV9vZEgcv5W4H2YL8k4X,https://gmgn.ai/sol/address/FpD6n8gfoZNxyAN6QqNH4TFQdV9vZEgcv5W4H2YL8k4X,Hesi,hesiitations,Hesi,3,3,0.333,9,9,2.26,0.1,2026-05-10T20:47:16.000Z,2026-05-12T06:42:34.190Z,93261,0,-3568.7987914663045,0,yes,0.1,2026-05-12T06:42:34.190Z,0.007597318684463398,gmgn|okx,renowned|kol,kol|axiom|gmgn|padre|wash_trader,paper_hands|bundler,,
15,A,152.3,7q15WZ4iSUDvqfs5Kdh9bfptkQhs6qKUyCUq6GY6PGxg,https://gmgn.ai/sol/address/7q15WZ4iSUDvqfs5Kdh9bfptkQhs6qKUyCUq6GY6PGxg,,,,3,3,0.273,11,11,2.78,0.1,2026-05-10T05:46:41.000Z,2026-05-12T06:42:46.142Z,114266,0,29.04498726214,0,yes,0.1,2026-05-12T06:42:46.142Z,0.0003519300045581876,gmgn,smart_degen,axiom,paper_hands|bundler,,
16,A,150.1,5B52w1ZW9tuwUduueP5J7HXz5AcGfruGoX6YoAudvyxG,https://gmgn.ai/sol/address/5B52w1ZW9tuwUduueP5J7HXz5AcGfruGoX6YoAudvyxG,Yenni,Yennii56,Yenni,5,4,0.625,8,5,8,4,2026-05-08T07:46:37.000Z,2026-05-08T08:08:34.966Z,142556,0,4194.431896575176,0.444444,no,4,2026-05-08T08:08:34.966Z,79.2661683420818,okx|gmgn,smart_money|renowned|kol,kol|axiom|padre,bundler|transfer_in|paper_hands|diamond_hands,,
17,B,150,DxM1hfY8FQ8dNGrucuJzhJcF8KRbjk8WBwrgKvQ9spPv,https://gmgn.ai/sol/address/DxM1hfY8FQ8dNGrucuJzhJcF8KRbjk8WBwrgKvQ9spPv,RC,ResellCalendar,RC,2,2,0.333,6,5,1.51,0.1,2026-05-10T21:33:58.000Z,2026-05-12T06:42:34.190Z,125441,0,28442.936899566015,0,yes,0.1,2026-05-12T06:42:34.190Z,0.0009554999527777442,gmgn|okx,renowned|kol,kol|fomo,bundler|paper_hands,,
18,A,149.7,H2KAvWycyqeHhqkMC1f83Pwju3B2MztLYdXVpNMcDs2V,https://gmgn.ai/sol/address/H2KAvWycyqeHhqkMC1f83Pwju3B2MztLYdXVpNMcDs2V,,,,4,4,0.400,10,9,3.42,1.1,2026-05-10T22:35:07.000Z,2026-05-11T05:34:06.309Z,92925,0,369.93783905186,0,yes,1.1,2026-05-11T05:34:06.309Z,0.00010586550328169261,gmgn,smart_degen,axiom,bundler|paper_hands,,
19,A,149.5,2NuAgVk3hcb7s4YvP4GjV5fD8eDvZQv5wuN6ZC8igRfV,https://gmgn.ai/sol/address/2NuAgVk3hcb7s4YvP4GjV5fD8eDvZQv5wuN6ZC8igRfV,,,,5,5,0.500,10,10,10,4,2026-05-08T06:49:03.000Z,2026-05-08T08:07:33.544Z,68079,0,186.31417543645,0,no,4,2026-05-08T08:07:33.544Z,0.000113224922093986,gmgn,smart_degen,,,,
20,A,148.1,2ji39D4iDuDR1m7rpJcS5ci86PLgBQkWPgwya8YQvY4h,https://gmgn.ai/sol/address/2ji39D4iDuDR1m7rpJcS5ci86PLgBQkWPgwya8YQvY4h,,,,3,3,0.300,10,8,2.52,0.1,2026-05-10T20:42:50.000Z,2026-05-12T06:42:46.142Z,93261,0,84.34803800338,0,yes,0.1,2026-05-12T06:42:46.142Z,0.00037806253283343316,gmgn,smart_degen,axiom,bundler|paper_hands,,
21,A,147.2,9KuTh7Ap29B13LWyDx4W7N5iCCrs9n3Vz3kLQ6ZbwKgW,https://gmgn.ai/sol/address/9KuTh7Ap29B13LWyDx4W7N5iCCrs9n3Vz3kLQ6ZbwKgW,,,,3,3,0.500,6,6,1.52,0.1,2026-05-08T06:05:00.000Z,2026-05-12T06:42:36.123Z,139873,101,186.48867539179,0,yes,0.1,2026-05-12T06:42:36.123Z,0.00021614130459940594,gmgn,smart_degen,gmgn,,,
22,C,136.3,5d3jQcuUvsuHyZkhdp78FFqc7WogrzZpTtec1X9VNkuE,https://gmgn.ai/sol/address/5d3jQcuUvsuHyZkhdp78FFqc7WogrzZpTtec1X9VNkuE,tech,technoviking46,tech,1,1,0.333,3,3,0.76,0.1,2026-05-10T20:09:06.000Z,2026-05-12T06:42:34.187Z,28902,0,7683.64539968084,0,yes,0.1,2026-05-12T06:42:34.187Z,0.0016850730768004753,okx|gmgn,kol|smart_degen|renowned,kol|axiom|photon|bullx|padre,bundler|paper_hands,,
23,B,136.3,AdHmAXchDLi6Niqx3h4QzipFSMu1Dm1yh7RwvGBKJPJa,https://gmgn.ai/sol/address/AdHmAXchDLi6Niqx3h4QzipFSMu1Dm1yh7RwvGBKJPJa,,,,2,2,0.667,3,3,0.76,0.1,2026-05-11T00:43:34.000Z,2026-05-12T06:42:16.139Z,74240,0,2408.44455800328,0,yes,0.1,2026-05-12T06:42:16.139Z,0.0012424391139090574,gmgn,smart_degen,axiom,paper_hands|bundler,,
24,B,135.6,undwZZbXFTXAizTeeNpmygJDa4pWopEr1UCDSWpyo4y,https://gmgn.ai/sol/address/undwZZbXFTXAizTeeNpmygJDa4pWopEr1UCDSWpyo4y,,,,2,2,0.200,10,10,2.52,0.1,2026-05-07T03:51:07.000Z,2026-05-12T06:42:46.143Z,139905,0,121.11942271208,0,yes,0.1,2026-05-12T06:42:46.143Z,0.00032079887214557084,gmgn,smart_degen,,bundler|paper_hands,,
25,B,135.5,2dEpwaujMteZsFYCX3hwaavYKkU7kRwAwJe9XGuWNRGA,https://gmgn.ai/sol/address/2dEpwaujMteZsFYCX3hwaavYKkU7kRwAwJe9XGuWNRGA,,,,2,2,0.200,10,9,2.52,0.1,2026-05-08T05:23:34.000Z,2026-05-12T06:42:34.184Z,111610,0,256.02928713708,0,yes,0.1,2026-05-12T06:42:34.184Z,0.0022005357713658965,gmgn,smart_degen,axiom|photon,bundler|paper_hands,,
26,B,134.7,79c2XHrcjA7HrLt3u4Pkwbm4gezeGq35iSnfDwZezAy6,https://gmgn.ai/sol/address/79c2XHrcjA7HrLt3u4Pkwbm4gezeGq35iSnfDwZezAy6,,,,2,2,0.182,11,9,2.77,0.1,2026-05-10T06:30:04.000Z,2026-05-12T06:42:46.142Z,125441,1671,116.86796002444,0,yes,0.1,2026-05-12T06:42:46.142Z,0.00015470008548663138,gmgn,smart_degen,axiom,paper_hands|bundler,,
27,A,134.3,GoonY5hPo63xAPCwkyWuFmQ57HWq8wj5Bevj2D222U4u,https://gmgn.ai/sol/address/GoonY5hPo63xAPCwkyWuFmQ57HWq8wj5Bevj2D222U4u,,,,3,3,0.429,7,7,1.77,0.1,2026-05-10T20:50:26.000Z,2026-05-12T06:42:34.185Z,84040,0,-296.89545953488226,0,yes,0.1,2026-05-12T06:42:34.185Z,0.002880903759172325,gmgn,smart_degen,axiom,bundler|paper_hands|transfer_in,,
28,B,132,8AaJxU97iu2FYMq4oG5ccYDJsJjK7XwvzjTcVpotwNZu,https://gmgn.ai/sol/address/8AaJxU97iu2FYMq4oG5ccYDJsJjK7XwvzjTcVpotwNZu,,,,2,2,0.286,7,7,1.77,0.1,2026-05-07T19:42:37.000Z,2026-05-12T06:42:34.186Z,139905,0,706.12124580883,0,yes,0.1,2026-05-12T06:42:34.186Z,0.004104440138045213,gmgn,smart_degen,axiom,bundler|paper_hands,,
29,A,132,9XJ9RQUgUFJ9ki8SiSyL5VqdtBA9rHCF92MKVYDqPEvY,https://gmgn.ai/sol/address/9XJ9RQUgUFJ9ki8SiSyL5VqdtBA9rHCF92MKVYDqPEvY,,,,3,3,1.000,3,3,3,4,2026-05-08T00:02:10.000Z,2026-05-08T08:07:27.489Z,116737,0,571.33699452139,0,no,4,2026-05-08T08:07:27.489Z,0.0001647960198817748,gmgn,smart_degen,,,,
30,B,131.3,sniper3k3WfE4CqDB5XdCC2S4wVu1kCRaXUPKQ1RKoS,https://gmgn.ai/sol/address/sniper3k3WfE4CqDB5XdCC2S4wVu1kCRaXUPKQ1RKoS,,,,2,2,0.222,9,7,2.26,0.1,2026-05-10T20:44:08.000Z,2026-05-12T06:42:34.185Z,54000,0,348.3749801069825,0,yes,0.1,2026-05-12T06:42:34.185Z,0.004796020147140455,gmgn,smart_degen,axiom|padre,bundler|paper_hands,,
31,B,130.7,8Xnit4gf2R5cA3XE6KobuyWjiPfTptsJxN7rrAu8YbiW,https://gmgn.ai/sol/address/8Xnit4gf2R5cA3XE6KobuyWjiPfTptsJxN7rrAu8YbiW,,,,2,2,0.667,3,3,0.75,0.1,2026-05-08T06:30:16.000Z,2026-05-12T06:42:32.169Z,109454,95,282.68599811212,0,yes,0.1,2026-05-12T06:42:32.169Z,0.000004072439420589821,gmgn,smart_degen,,bundler,,
32,B,130.3,FYsgcNSoqZNcCXsyVvr2NWQToMJUqB2ZbTK7N1E8cqM,https://gmgn.ai/sol/address/FYsgcNSoqZNcCXsyVvr2NWQToMJUqB2ZbTK7N1E8cqM,,,,2,2,0.500,4,4,1.01,0.1,2026-05-10T20:45:40.000Z,2026-05-12T06:42:32.169Z,74240,0,954.5706244685,0,yes,0.1,2026-05-12T06:42:32.169Z,0.008200087395777293,gmgn,smart_degen,axiom,bundler|paper_hands,,
33,C,129.6,5t9xBNuDdGTGpjaPTx6hKd7sdRJbvtKS8Mhq6qVbo8Qz,https://gmgn.ai/sol/address/5t9xBNuDdGTGpjaPTx6hKd7sdRJbvtKS8Mhq6qVbo8Qz,Smokez,SmokezXBT,Smokez,1,1,0.500,2,2,0.51,0.1,2026-05-07T03:50:47.000Z,2026-05-12T06:42:34.193Z,148507,0,7174.355483687117,0,yes,0.1,2026-05-12T06:42:34.193Z,0.000566498185491181,gmgn|okx,renowned|kol,kol|photon|trojan,paper_hands|bundler|transfer_in,,
34,B,129.2,1TXsKzewQzFb8MYidNCmvmPWTma1DWyC6fpvd5gQa7W,https://gmgn.ai/sol/address/1TXsKzewQzFb8MYidNCmvmPWTma1DWyC6fpvd5gQa7W,,,,2,2,1.000,2,2,2,1.1,2026-05-10T20:44:24.000Z,2026-05-11T05:34:06.309Z,74240,0,19.65955688759,0,yes,1.1,2026-05-11T05:34:06.309Z,0.00020277775889685726,gmgn,smart_degen,axiom,bundler|paper_hands,,
35,B,128.1,9cxLzxjrTeodcbaEU3KCNGE1a4yFZEcdJ7uEXN378S4U,https://gmgn.ai/sol/address/9cxLzxjrTeodcbaEU3KCNGE1a4yFZEcdJ7uEXN378S4U,,,,2,2,0.400,5,5,1.26,0.1,2026-05-07T11:53:10.000Z,2026-05-12T06:41:52.240Z,113803,0,493.6288717818,0,yes,0.1,2026-05-12T06:41:52.240Z,0.002671931377148895,gmgn,smart_degen,axiom|photon|bullx,paper_hands,,
36,C,126.9,F5jWYuiDLTiaLYa54D88YbpXgEsA6NKHzWy4SN4bMYjt,https://gmgn.ai/sol/address/F5jWYuiDLTiaLYa54D88YbpXgEsA6NKHzWy4SN4bMYjt,mercy,mercularx,mercy,1,1,0.333,3,3,0.75,0.1,2026-05-10T05:34:05.000Z,2026-05-12T06:42:34.190Z,119579,0,40796.51145824081,0,yes,0.1,2026-05-12T06:42:34.190Z,0.0020854438962240912,gmgn|okx,renowned|kol,kol|axiom|photon|gmgn,bundler|paper_hands,,
37,C,126.3,AvzzD7SnRHb8Kv8dRk1JFYdWVcNtYhTybk2KbDWKB5ki,https://gmgn.ai/sol/address/AvzzD7SnRHb8Kv8dRk1JFYdWVcNtYhTybk2KbDWKB5ki,我是围棋高手（耐心）,0xweiqigaoshou,我是围棋高手（耐心）,1,1,0.333,3,3,0.76,0.1,2026-05-08T05:29:44.000Z,2026-05-12T06:42:34.189Z,91917,0,7830.553570100639,0,yes,0.1,2026-05-12T06:42:34.189Z,0.0046898889119247065,gmgn|okx,renowned|kol,kol|gmgn,paper_hands|bundler,,
38,C,126.2,81CvxP9PiF53bQSeJFqMCseTMZ85UuU7chKDmtnZXhNy,https://gmgn.ai/sol/address/81CvxP9PiF53bQSeJFqMCseTMZ85UuU7chKDmtnZXhNy,,,,1,1,0.333,3,3,0.76,0.1,2026-05-08T05:24:04.000Z,2026-05-12T06:42:34.185Z,91917,0,1080.46634348877,0,yes,0.1,2026-05-12T06:42:34.185Z,0.003357682384399083,gmgn|okx,smart_degen|smart_money,gmgn,bundler,,
39,B,125.6,DSUAixPqvUXFX46SvFm7LRYQkthpJom6XsjZn4vTkKaa,https://gmgn.ai/sol/address/DSUAixPqvUXFX46SvFm7LRYQkthpJom6XsjZn4vTkKaa,Wick李🔶 BNB,SuperL9,Wick李🔶 BNB,2,2,0.286,7,7,1.77,0.1,2026-05-10T06:18:13.000Z,2026-05-12T06:42:38.128Z,105748,0,413.16137873998,0,yes,0.1,2026-05-12T06:42:38.128Z,0.00006542520180987682,gmgn,renowned,kol|gmgn,paper_hands|bundler,,
40,C,124.3,2W14ahXD3XBfWJchQ4K5NLXmguWWcTTUTuHDhEzeuvP3,https://gmgn.ai/sol/address/2W14ahXD3XBfWJchQ4K5NLXmguWWcTTUTuHDhEzeuvP3,Veloce,VeloceSVJ,Veloce,1,1,0.500,2,2,0.51,0.1,2026-05-10T05:32:34.000Z,2026-05-12T06:42:34.191Z,119579,0,932.02458429214,0,yes,0.1,2026-05-12T06:42:34.191Z,0.0014044692420894435,okx|gmgn,kol|renowned,kol|axiom|gmgn,bundler|paper_hands,,
41,B,124.1,FdwVhbBQhY9rwF5yaZwVH2SK6jhtxj67idgVrrGgAmKS,https://gmgn.ai/sol/address/FdwVhbBQhY9rwF5yaZwVH2SK6jhtxj67idgVrrGgAmKS,,,,2,2,0.400,5,5,1.26,0.1,2026-05-10T20:12:15.000Z,2026-05-12T06:42:34.187Z,74240,563,104.06410365643,0,yes,0.1,2026-05-12T06:42:34.187Z,0.004849572738812946,gmgn,smart_degen,axiom,bundler|paper_hands,,
42,C,123.2,99i9uVA7Q56bY22ajKKUfTZTgTeP5yCtVGsrG9J4pDYQ,https://gmgn.ai/sol/address/99i9uVA7Q56bY22ajKKUfTZTgTeP5yCtVGsrG9J4pDYQ,Zrool 尔,TheRealZrool,Zrool 尔,1,1,0.167,6,5,1.51,0.1,2026-05-10T20:11:43.000Z,2026-05-12T06:42:32.172Z,28902,0,886.6118740381177,0,yes,0.1,2026-05-12T06:42:32.172Z,0.013012982583800233,gmgn|okx,renowned|kol,kol|axiom|bullx|wash_trader,bundler|transfer_in|paper_hands,,
43,A,122.7,2tMtxBCdF7NWZxVdmBU2DFYBapEAruJVR7KWmZYSkroi,https://gmgn.ai/sol/address/2tMtxBCdF7NWZxVdmBU2DFYBapEAruJVR7KWmZYSkroi,,,,3,3,0.750,4,4,4,4,2026-05-08T05:56:07.000Z,2026-05-08T08:07:33.543Z,126745,0,3.71894461966,0,no,4,2026-05-08T08:07:33.543Z,0.00006162165951846984,gmgn,smart_degen,,,,
44,A,122.7,M8fe7UqgeFzw2arbSHCTLKyi5qW9KiC8bigC1TGS3G9,https://gmgn.ai/sol/address/M8fe7UqgeFzw2arbSHCTLKyi5qW9KiC8bigC1TGS3G9,,,,3,3,0.750,4,4,4,4,2026-05-07T14:51:22.000Z,2026-05-08T08:07:27.489Z,122472,0,-26.15459134652,0,no,4,2026-05-08T08:07:27.489Z,0.0001886488473745097,gmgn,smart_degen,,,,
45,B,122.3,DPwH9aWrYGSBqMiPNLMW4Hti1k1xgq64t781eycfLCp5,https://gmgn.ai/sol/address/DPwH9aWrYGSBqMiPNLMW4Hti1k1xgq64t781eycfLCp5,,,,2,2,0.286,7,7,1.77,0.1,2026-05-08T05:25:01.000Z,2026-05-12T06:42:46.145Z,111610,0,15.89521578915,0,yes,0.1,2026-05-12T06:42:46.145Z,0.0003741957505203047,gmgn,smart_degen,axiom|padre,bundler|paper_hands,,
46,B,121.5,HW1wbyPSa7QTqjRzD4kCKZyBbXFzR8cA7sJqBrzrJ6o4,https://gmgn.ai/sol/address/HW1wbyPSa7QTqjRzD4kCKZyBbXFzR8cA7sJqBrzrJ6o4,,,,2,2,0.667,3,3,3,1.1,2026-05-10T20:16:05.000Z,2026-05-11T05:34:06.309Z,74240,0,154.59280551155,0,yes,1.1,2026-05-11T05:34:06.309Z,0.0001802589770068261,gmgn,smart_degen,fresh_wallet|axiom,bundler|paper_hands,,
47,C,120.9,BQVz7fQ1WsQmSTMY3umdPEPPTm1sdcBcX9sP7o6kPRmB,https://gmgn.ai/sol/address/BQVz7fQ1WsQmSTMY3umdPEPPTm1sdcBcX9sP7o6kPRmB,Limfork.eth,Limfork,Limfork.eth,1,1,0.333,3,3,0.76,0.1,2026-05-07T12:35:57.000Z,2026-05-12T06:42:34.190Z,79098,0,970.50099768175,0,yes,0.1,2026-05-12T06:42:34.190Z,0.0045862373019214114,gmgn|okx,renowned|kol,kol|axiom|bullx,bundler|paper_hands,,
48,B,118,G4dZH7s2KZz1DJk1eJcsAAmMqtPrmeT2dbgrz5UNMYxq,https://gmgn.ai/sol/address/G4dZH7s2KZz1DJk1eJcsAAmMqtPrmeT2dbgrz5UNMYxq,,,,2,2,0.222,9,8,2.26,0.1,2026-05-10T05:18:07.000Z,2026-05-12T06:42:16.139Z,125441,566,-85.634479692,0,yes,0.1,2026-05-12T06:42:16.139Z,0.00041245922570116045,gmgn,smart_degen,axiom,bundler|paper_hands,,
49,B,117.3,BVrGGCNcZxNSChWa7XEnGDPJZQTgCmfQYurzDMimnQVr,https://gmgn.ai/sol/address/BVrGGCNcZxNSChWa7XEnGDPJZQTgCmfQYurzDMimnQVr,,,,2,2,0.500,4,4,4,1.1,2026-05-10T22:05:06.000Z,2026-05-11T05:34:06.309Z,74240,0,252.41814624724,0,yes,1.1,2026-05-11T05:34:06.309Z,0.00005474233274405902,gmgn,smart_degen,axiom,paper_hands|bundler,,
50,B,117.2,6Dt9J7TXM3eqyQBAZMbGJCV6VsP13WVStwPJnLPFtw2Y,https://gmgn.ai/sol/address/6Dt9J7TXM3eqyQBAZMbGJCV6VsP13WVStwPJnLPFtw2Y,,,,2,2,0.667,3,3,1.03,1.1,2026-05-10T20:52:08.000Z,2026-05-11T05:33:34.162Z,15143,0,28.97886213525,0,yes,1.1,2026-05-11T05:33:34.162Z,0.0002939344568655696,gmgn,smart_degen,trojan|gmgn,bundler,,
51,B,117,GGjSUonDLxoVpDYgJa9ZuudyRvHsRbtHegezdgwsf7be,https://gmgn.ai/sol/address/GGjSUonDLxoVpDYgJa9ZuudyRvHsRbtHegezdgwsf7be,,,,2,2,1.000,2,2,2,4,2026-05-07T22:46:53.000Z,2026-05-08T08:07:27.489Z,144159,0,149.83402784917,0,no,4,2026-05-08T08:07:27.489Z,0.00021368913314360953,gmgn,smart_degen,,,,
52,B,117,J6kZjUBfRhgxXjcQWTyLJimZWKHT4evAJSmhN9rHAQkr,https://gmgn.ai/sol/address/J6kZjUBfRhgxXjcQWTyLJimZWKHT4evAJSmhN9rHAQkr,,,,2,2,0.667,3,3,1.03,1.1,2026-05-10T15:32:19.000Z,2026-05-11T05:33:34.161Z,15143,0,26.60729254129,0,yes,1.1,2026-05-11T05:33:34.161Z,0.00011558134421095285,gmgn,smart_degen,axiom,bundler|paper_hands,,
53,B,116.3,719sfKUjiMThumTt2u39VMGn612BZyCcwbM5Pe8SqFYz,https://gmgn.ai/sol/address/719sfKUjiMThumTt2u39VMGn612BZyCcwbM5Pe8SqFYz,FASHR,FASHRCrypto,FASHR,2,2,1.000,2,2,0.69,1.1,2026-05-10T20:28:45.000Z,2026-05-11T05:34:06.311Z,54000,0,-298.64362016406,0,yes,1.1,2026-05-11T05:34:06.311Z,0.0001963800326182618,gmgn,renowned,kol|axiom|bullx|padre,paper_hands|bundler,,
54,B,116.3,8E1G1qWQZERejrGLF1ye66cx1xBUGp2Tahh6tTGYsPsB,https://gmgn.ai/sol/address/8E1G1qWQZERejrGLF1ye66cx1xBUGp2Tahh6tTGYsPsB,加密帅,xlxl114,加密帅,2,2,1.000,2,2,0.69,1.1,2026-05-10T05:10:31.000Z,2026-05-11T05:33:22.267Z,99339,0,-2.02589863529,0,yes,1.1,2026-05-11T05:33:22.267Z,0.00013911012784899418,gmgn,renowned,kol|axiom|gmgn,paper_hands|bundler,,
55,B,116,HEq5VR1iu2cMC899q76BCQnFTTJrtay7NZPzmhCAWtrQ,https://gmgn.ai/sol/address/HEq5VR1iu2cMC899q76BCQnFTTJrtay7NZPzmhCAWtrQ,,,,2,2,0.400,5,5,5,4,2026-05-07T03:41:37.000Z,2026-05-08T08:08:34.976Z,135556,0,7166.086751890524,0.66,no,4,2026-05-08T08:08:34.976Z,47.68287814045281,gmgn|okx,smart_degen|smart_money,,,,
56,A,115.5,RTYizu6bjvFTBfiS56cEoqkKRqk5xa5VBKsHQUeUNDs,https://gmgn.ai/sol/address/RTYizu6bjvFTBfiS56cEoqkKRqk5xa5VBKsHQUeUNDs,,,,3,3,0.500,6,6,6,4,2026-05-08T05:19:50.000Z,2026-05-08T08:07:33.542Z,100772,0,36.86278831503,0,no,4,2026-05-08T08:07:33.542Z,0.00021639520754549815,gmgn,smart_degen,,,,
57,A,115.5,zzzCaz9jTFBka6vypB26BeyKK9BTqyFYyFzqZtM6sUa,https://gmgn.ai/sol/address/zzzCaz9jTFBka6vypB26BeyKK9BTqyFYyFzqZtM6sUa,,,,3,3,0.500,6,6,6,4,2026-05-08T05:55:19.000Z,2026-05-08T08:07:33.544Z,123909,0,6.20527152799,0,no,4,2026-05-08T08:07:33.544Z,0.00009446710372547606,gmgn,smart_degen,,,,
58,C,115.2,GxBBPPKgEjUEXJTcbnrouUCmHryExLhKFysb3oFQxvZ1,https://gmgn.ai/sol/address/GxBBPPKgEjUEXJTcbnrouUCmHryExLhKFysb3oFQxvZ1,,,,1,1,1.000,1,1,1,1.1,2026-05-10T06:20:33.000Z,2026-05-11T05:33:22.266Z,119579,3597,3018.10230995782,0,yes,1.1,2026-05-11T05:33:22.266Z,0.00014029833268541033,gmgn,smart_degen,axiom,bundler,,
59,C,115.1,Bi4rd5FH5bYEN8scZ7wevxNZyNmKHdaBcvewdPFxYdLt,https://gmgn.ai/sol/address/Bi4rd5FH5bYEN8scZ7wevxNZyNmKHdaBcvewdPFxYdLt,theo,theonomix,theo,1,1,0.250,4,4,1.01,0.1,2026-05-07T02:29:37.000Z,2026-05-12T06:42:46.148Z,131302,0,94.33030828864,0,yes,0.1,2026-05-12T06:42:46.148Z,0.000005396851971359397,gmgn|okx,renowned|kol,kol|axiom|photon|gmgn|padre,bundler|paper_hands|sniper,,
60,C,115.1,FdLwz7ckqRC3HvqBDREo68pkfK1ZWk3bxwL8VpEtRK5F,https://gmgn.ai/sol/address/FdLwz7ckqRC3HvqBDREo68pkfK1ZWk3bxwL8VpEtRK5F,,,,1,1,1.000,1,1,1,1.1,2026-05-10T06:20:33.000Z,2026-05-11T05:33:22.264Z,119579,0,2841.956201143,0,yes,1.1,2026-05-11T05:33:22.264Z,0.00014970280469817556,gmgn,smart_degen,axiom,bundler,,
61,C,114.9,Az7xgPfitG2FyPrfHKW6FWp9H3QH8MuSo8GgD6beWTj2,https://gmgn.ai/sol/address/Az7xgPfitG2FyPrfHKW6FWp9H3QH8MuSo8GgD6beWTj2,,,,1,1,1.000,1,1,1,1.1,2026-05-10T06:20:33.000Z,2026-05-11T05:33:22.265Z,119579,0,2718.26840896776,0,yes,1.1,2026-05-11T05:33:22.265Z,0.00016482412173189357,gmgn,smart_degen,axiom,bundler,,
62,C,114.8,5qWge4zUyQenk53EhAAQ5yP4LWxuvdqJpRBZZbGd4tv9,https://gmgn.ai/sol/address/5qWge4zUyQenk53EhAAQ5yP4LWxuvdqJpRBZZbGd4tv9,Mystayor 兽 💹🧲,Mystayor,Mystayor 兽 💹🧲,1,1,1.000,1,1,0.34,1.1,2026-05-10T22:21:08.000Z,2026-05-11T05:33:22.266Z,119579,0,7.223041785659849,0,yes,1.1,2026-05-11T05:33:22.266Z,0.000158076853986494,okx|gmgn,kol|renowned,kol|fomo,paper_hands,,
63,B,114.5,2HpEemeT7HawRakzj3ckwfPxmgPnji6z7z9yox1sNR8D,https://gmgn.ai/sol/address/2HpEemeT7HawRakzj3ckwfPxmgPnji6z7z9yox1sNR8D,,,,2,2,0.500,4,4,4,1.1,2026-05-11T01:58:44.000Z,2026-05-11T05:34:06.310Z,74240,50,86.54094654082,0,yes,1.1,2026-05-11T05:34:06.310Z,0.000055797852185120825,gmgn,smart_degen,,bundler|paper_hands,,
64,B,114.5,Bapcdwy318WjUcQhUiZWgUksdZpRSWWWsXfvWKf31nH9,https://gmgn.ai/sol/address/Bapcdwy318WjUcQhUiZWgUksdZpRSWWWsXfvWKf31nH9,,,,2,2,0.500,4,4,1.37,1.1,2026-05-07T19:42:37.000Z,2026-05-11T05:33:58.284Z,139905,0,85.57501444092,0,yes,1.1,2026-05-11T05:33:58.284Z,0.0005767644327149075,gmgn,smart_degen,axiom,bundler|paper_hands,,
65,C,114.3,HArDKfcLELHAGj37UqBstSe5DzdSZKmFCTxgMbZ4a5Na,https://gmgn.ai/sol/address/HArDKfcLELHAGj37UqBstSe5DzdSZKmFCTxgMbZ4a5Na,,,,1,1,1.000,1,1,0.34,1.1,2026-05-10T05:11:50.000Z,2026-05-11T05:33:22.261Z,119579,8,0,0,yes,1.1,2026-05-11T05:33:22.261Z,0.0005327985573078071,okx|gmgn,smart_money|smart_degen,axiom,bundler,,
66,C,113.1,7gZ3LHoFfxagH81pkn77NpVDVtkgvEEKBhsXFpuXkw9j,https://gmgn.ai/sol/address/7gZ3LHoFfxagH81pkn77NpVDVtkgvEEKBhsXFpuXkw9j,,,,1,1,0.250,4,4,1.37,1.1,2026-05-11T00:44:04.000Z,2026-05-11T05:33:58.285Z,119579,1619,265.49443701066,0,yes,1.1,2026-05-11T05:33:58.285Z,0.0006180774249489294,gmgn|okx,smart_degen|smart_money,axiom,paper_hands,,
67,C,112.9,7fnSsVNgKwnyPayW4oBP9MNFc5YeTtqEyEhT1Psjqakw,https://gmgn.ai/sol/address/7fnSsVNgKwnyPayW4oBP9MNFc5YeTtqEyEhT1Psjqakw,,,,1,1,0.167,6,6,1.51,0.1,2026-05-10T20:13:15.000Z,2026-05-12T06:42:34.187Z,28902,0,2547.24872316785,0,yes,0.1,2026-05-12T06:42:34.187Z,0.002866917108321926,gmgn,smart_degen,axiom,bundler|paper_hands,,
68,C,112.2,2UpG5uM1MXGbQG6d57ofaRCG3r9KQYxKtqqWCNJuKifb,https://gmgn.ai/sol/address/2UpG5uM1MXGbQG6d57ofaRCG3r9KQYxKtqqWCNJuKifb,,,,1,1,1.000,1,1,1,1.1,2026-05-10T20:09:28.000Z,2026-05-11T05:34:06.307Z,28902,0,941.80817914258,0,yes,1.1,2026-05-11T05:34:06.307Z,0.00002161892071212208,gmgn,smart_degen,axiom|padre,bundler|paper_hands,,
69,B,112,1aC2FgH1tujX87Bv9yMVbda2sPiRDNCsjMJoJjw3n6C,https://gmgn.ai/sol/address/1aC2FgH1tujX87Bv9yMVbda2sPiRDNCsjMJoJjw3n6C,,,,2,2,0.400,5,5,1.26,0.1,2026-05-10T21:17:04.000Z,2026-05-12T06:42:36.124Z,125441,0,-9.23585531868,0,yes,0.1,2026-05-12T06:42:36.124Z,0.00008348367046194768,gmgn,smart_degen,axiom,paper_hands,,
70,B,112,4YzpSZpxDdjNf3unjkCtdWEsz2FL5mok7e5XQaDNqry8,https://gmgn.ai/sol/address/4YzpSZpxDdjNf3unjkCtdWEsz2FL5mok7e5XQaDNqry8,xunle,xunle111,xunle,2,2,1.000,2,2,2,4,2026-05-07T19:51:23.000Z,2026-05-08T08:07:21.504Z,105200,0,130.2549303903,0,no,4,2026-05-08T08:07:21.504Z,0.00021964788583297577,gmgn,renowned,kol|gmgn,bundler|paper_hands,,
71,B,112,55ZQuSoWHxHkCxzZvU4QP6FyNAcc6y62d3FKiEghPzAH,https://gmgn.ai/sol/address/55ZQuSoWHxHkCxzZvU4QP6FyNAcc6y62d3FKiEghPzAH,,,,2,2,0.400,5,5,1.26,0.1,2026-05-10T20:19:14.000Z,2026-05-12T06:42:46.145Z,54000,0,-10.92382844212,0,yes,0.1,2026-05-12T06:42:46.145Z,0.00019705581298941284,gmgn,smart_degen,axiom,bundler|paper_hands,,
72,C,111.4,64ozFG3EAKga6PugXZjdoU5uvbNiN3r1RsTodJvpBShH,https://gmgn.ai/sol/address/64ozFG3EAKga6PugXZjdoU5uvbNiN3r1RsTodJvpBShH,,,,1,1,0.500,2,2,0.51,0.1,2026-05-08T07:40:13.000Z,2026-05-12T06:42:46.142Z,148473,0,0,0,yes,0.1,2026-05-12T06:42:46.142Z,0.0003826835217233441,okx|gmgn,smart_money|smart_degen,axiom|photon|gmgn,,,
73,B,111.1,BL9mJiRQkfB9i9tMGZX2tSRFqbZVyXdPRKLyiYxkZbGM,https://gmgn.ai/sol/address/BL9mJiRQkfB9i9tMGZX2tSRFqbZVyXdPRKLyiYxkZbGM,,,,2,2,0.400,5,5,1.71,1.1,2026-05-10T12:52:08.000Z,2026-05-11T05:33:58.285Z,129695,218,60.78413420855,0,yes,1.1,2026-05-11T05:33:58.285Z,0.00024255136303292209,gmgn,smart_degen,axiom|padre,bundler|paper_hands,,
74,C,110.5,39RBACr1ijDzQwDUbWBv4cRoDKGxWwCxdJ9udA8Jhu6W,https://gmgn.ai/sol/address/39RBACr1ijDzQwDUbWBv4cRoDKGxWwCxdJ9udA8Jhu6W,,,,1,1,0.167,6,5,1.52,0.1,2026-05-10T05:47:20.000Z,2026-05-12T06:42:34.186Z,119579,0,-20.80181463353,0,yes,0.1,2026-05-12T06:42:34.186Z,0.003713751165949373,okx|gmgn,smart_money|smart_degen,padre,paper_hands|bundler,,
75,C,110.1,8wq2nhV9YaqTtX3aPMdtmhYrzQyoQCdFpWFNqpySux94,https://gmgn.ai/sol/address/8wq2nhV9YaqTtX3aPMdtmhYrzQyoQCdFpWFNqpySux94,,,,1,1,0.143,7,6,1.76,0.1,2026-05-10T20:13:15.000Z,2026-05-12T06:42:34.187Z,28902,0,599.48029763639,0,yes,0.1,2026-05-12T06:42:34.187Z,0.003177982234462318,gmgn,smart_degen,axiom,bundler|paper_hands,,
76,C,108.4,9jyqFiLnruggwNn4EQwBNFXwpbLM9hrA4hV59ytyAVVz,https://gmgn.ai/sol/address/9jyqFiLnruggwNn4EQwBNFXwpbLM9hrA4hV59ytyAVVz,Nach,NachSOL,Nach,1,1,0.143,7,6,1.76,0.1,2026-05-10T22:30:11.000Z,2026-05-12T06:42:34.192Z,119579,1332,-537.0258086557,0,yes,0.1,2026-05-12T06:42:34.192Z,0.0005549245361809518,gmgn|okx,renowned|kol,kol|axiom|photon|gmgn,bundler|paper_hands|top_holder,,
77,B,108,J3CuQHzVmSvrYSMhvUU2dTsZB9Z4R2UKENyhDiJ5W95K,https://gmgn.ai/sol/address/J3CuQHzVmSvrYSMhvUU2dTsZB9Z4R2UKENyhDiJ5W95K,0x高达,ARICHCOO,0x高达,2,2,0.333,6,6,1.51,0.1,2026-05-10T05:34:20.000Z,2026-05-12T06:42:32.172Z,134043,0,-3.7791356258776965,0,yes,0.1,2026-05-12T06:42:32.172Z,0.012149452483378387,gmgn,renowned,kol|gmgn,paper_hands|bundler,,
78,C,107.9,FKHvdDnYoWHQ2sMgM2LMg3VWyAuTdpzJS8LVMevXh9XG,https://gmgn.ai/sol/address/FKHvdDnYoWHQ2sMgM2LMg3VWyAuTdpzJS8LVMevXh9XG,,,,1,1,1.000,1,1,1,1.1,2026-05-11T00:31:40.000Z,2026-05-11T05:34:06.309Z,28902,0,178.41666045988,0,yes,1.1,2026-05-11T05:34:06.309Z,0.000031389557960647236,gmgn,smart_degen,padre,paper_hands,,
79,C,107.7,Br7KBAcGQ3shoHaTuFrvbkGTxv4oSiMLKMmyVpaXar1t,https://gmgn.ai/sol/address/Br7KBAcGQ3shoHaTuFrvbkGTxv4oSiMLKMmyVpaXar1t,,,,1,1,0.500,2,2,1.91,0.1,2026-05-10T06:20:33.000Z,2026-05-12T06:42:34.187Z,119579,0,2442.47028613289,0,yes,0.1,2026-05-12T06:42:34.187Z,0.0003676109880395506,gmgn,smart_degen,axiom,bundler|paper_hands,,
80,C,107.1,4LWXdfSb13EemLs9DqEUcPFs9LM8xvMNwxWibyt57tw5,https://gmgn.ai/sol/address/4LWXdfSb13EemLs9DqEUcPFs9LM8xvMNwxWibyt57tw5,TRADER Corporation,TRADER,TRADER Corporation,1,1,1.000,1,1,1,1.1,2026-05-10T20:14:27.000Z,2026-05-11T05:34:06.309Z,28902,0,131.51963772031,0,yes,1.1,2026-05-11T05:34:06.309Z,0.00018560549373564027,gmgn,smart_degen,padre|fomo,bundler|paper_hands,,
81,B,107,8gW5oJqmrDk7Ja8kpTcwba3tDFx4PuexgYg9QdCCZDiM,https://gmgn.ai/sol/address/8gW5oJqmrDk7Ja8kpTcwba3tDFx4PuexgYg9QdCCZDiM,▲lex,AlekssRG,▲lex,2,2,0.222,9,9,2.26,0.1,2026-05-10T07:41:04.000Z,2026-05-12T06:42:36.124Z,99339,0,0,0,yes,0.1,2026-05-12T06:42:36.124Z,0,gmgn,renowned,kol|gmgn,transfer_in|paper_hands,,
82,C,106.4,FAicXNV5FVqtfbpn4Zccs71XcfGeyxBSGbqLDyDJZjke,https://gmgn.ai/sol/address/FAicXNV5FVqtfbpn4Zccs71XcfGeyxBSGbqLDyDJZjke,radiance,radiancebrr,radiance,1,1,0.500,2,2,0.51,0.1,2026-05-10T20:47:40.000Z,2026-05-12T06:41:52.242Z,28902,0,0,0,yes,0.1,2026-05-12T06:41:52.242Z,0.0016191743006068221,okx|gmgn,kol|renowned,kol|axiom|padre,bundler|paper_hands,,
83,B,106,73f1cxg7cMM52fdLjKXcadKhi7GWV6MSZkWrdq7w7bNM,https://gmgn.ai/sol/address/73f1cxg7cMM52fdLjKXcadKhi7GWV6MSZkWrdq7w7bNM,枯坐p小将,rob02643673_rob,枯坐p小将,2,2,0.400,5,4,1.72,1.1,2026-05-08T05:28:10.000Z,2026-05-11T05:33:16.181Z,111610,0,18.13889277837,0,yes,1.1,2026-05-11T05:33:16.181Z,0.001150741306909577,gmgn,smart_degen,axiom|photon|trojan|gmgn,paper_hands,,
84,C,105.8,HoE9o1jw6ewCsorWDe3Wz2XtdSogAcGHtunZuLLt3Dms,https://gmgn.ai/sol/address/HoE9o1jw6ewCsorWDe3Wz2XtdSogAcGHtunZuLLt3Dms,zucc,zuccschini,zucc,1,1,0.500,2,2,0.69,1.1,2026-05-10T05:46:54.000Z,2026-05-11T05:33:46.292Z,119579,0,-6.2583285049,0,yes,1.1,2026-05-11T05:33:46.292Z,0.0036585150093664262,okx|gmgn,smart_money|smart_degen,,paper_hands,,
85,C,105.5,HmBmSYwYEgEZuBUYuDs9xofyqBAkw4ywugB1d7R7sTGh,https://gmgn.ai/sol/address/HmBmSYwYEgEZuBUYuDs9xofyqBAkw4ywugB1d7R7sTGh,tobx,TobxG,tobx,1,1,0.167,6,5,1.51,0.1,2026-05-10T23:53:44.000Z,2026-05-12T06:42:34.191Z,119579,0,-95.1532039329,0,yes,0.1,2026-05-12T06:42:34.191Z,0.004316661059287821,gmgn|okx,renowned|kol,kol|axiom|photon|wash_trader,bundler|paper_hands,,
86,C,105,8deJ9xeUvXSJwicYptA9mHsU2rN2pDx37KWzkDkEXhU6,https://gmgn.ai/sol/address/8deJ9xeUvXSJwicYptA9mHsU2rN2pDx37KWzkDkEXhU6,Cooker.hl | Kms.eth | 版本之子 | Cooker,CookerFlips,Cooker.hl | Kms.eth | 版本之子 | Cooker,1,1,0.200,5,5,1.26,0.1,2026-05-10T22:46:54.000Z,2026-05-12T06:42:34.192Z,28902,0,-38602.76146225908,0,yes,0.1,2026-05-12T06:42:34.192Z,0.007472607356109383,gmgn|okx,renowned|kol,kol|axiom|photon|trojan|gmgn|wash_trader,bundler|paper_hands|whale|diamond_hands,,
87,C,104.6,HZyJNKiMYYgpvd7xK36tGkdG1xf9SkNQjNy8koSDcGyA,https://gmgn.ai/sol/address/HZyJNKiMYYgpvd7xK36tGkdG1xf9SkNQjNy8koSDcGyA,,,,1,1,0.250,4,4,1.01,0.1,2026-05-06T10:40:04.000Z,2026-05-12T06:42:16.139Z,139810,0,546.023452352,0,yes,0.1,2026-05-12T06:42:16.139Z,0.012002619459304245,gmgn,smart_degen,padre,bundler|paper_hands,,
88,B,104,FjE4fajsdxowAohNztHL5MTgUEpNbuSR3QZK6tDVfh5t,https://gmgn.ai/sol/address/FjE4fajsdxowAohNztHL5MTgUEpNbuSR3QZK6tDVfh5t,,,,2,2,0.667,3,3,3,4,2026-05-07T18:06:42.000Z,2026-05-08T08:07:29.507Z,105200,0,-4.31056919511,0,no,4,2026-05-08T08:07:29.507Z,0.0004705159175556129,gmgn,smart_degen,,,,
89,C,104,GBeuq1LCo7A1VvZ5cwAQWKqXZXwemrLW97qAMF9YKpz7,https://gmgn.ai/sol/address/GBeuq1LCo7A1VvZ5cwAQWKqXZXwemrLW97qAMF9YKpz7,,,,1,1,0.167,6,5,1.51,0.1,2026-05-07T03:33:40.000Z,2026-05-12T06:42:32.171Z,131302,0,178.12822219967,0,yes,0.1,2026-05-12T06:42:32.171Z,0.00018112472700861944,gmgn,smart_degen,axiom,bundler|paper_hands,,
90,B,104,hnu69n6P5CgYXCtUKii9wgamqtDeTVHY3TVJ6HKt7wC,https://gmgn.ai/sol/address/hnu69n6P5CgYXCtUKii9wgamqtDeTVHY3TVJ6HKt7wC,,,,2,2,0.667,3,3,3,4,2026-05-08T02:50:54.000Z,2026-05-08T08:07:29.507Z,144159,0,18.29494663328798,0,no,4,2026-05-08T08:07:29.507Z,0.0028703068572578302,gmgn,smart_degen,,,,
91,C,103.6,2fNPNJKE3ny6b5Vo1wdfa7J7KqYNjeyBM3PbGGSJ398r,https://gmgn.ai/sol/address/2fNPNJKE3ny6b5Vo1wdfa7J7KqYNjeyBM3PbGGSJ398r,,,,1,1,0.143,7,7,1.77,0.1,2026-05-10T20:46:42.000Z,2026-05-12T06:42:46.145Z,28902,0,21.64777492941,0,yes,0.1,2026-05-12T06:42:46.145Z,0.0003796176463614259,gmgn,smart_degen,padre,bundler|paper_hands,,
92,B,103.6,mh9XHevMtp3jpKx3nw4YwTcDYdWF2xUqk2johRAaSWs,https://gmgn.ai/sol/address/mh9XHevMtp3jpKx3nw4YwTcDYdWF2xUqk2johRAaSWs,,,,2,2,0.400,5,5,1.71,1.1,2026-05-10T20:45:40.000Z,2026-05-11T05:34:06.309Z,74240,0,2.48186991643,0,yes,1.1,2026-05-11T05:34:06.309Z,0.0002088112570329388,gmgn,smart_degen,axiom,bundler|paper_hands,,
93,C,103.3,teddyYXw7aiNpDuQCeLb2YiBJhqthBid4C54BuWcPxm,https://gmgn.ai/sol/address/teddyYXw7aiNpDuQCeLb2YiBJhqthBid4C54BuWcPxm,,,,1,1,0.333,3,3,0.75,0.1,2026-05-08T06:07:00.000Z,2026-05-12T06:42:32.169Z,131302,408,359.83717240678,0,yes,0.1,2026-05-12T06:42:32.169Z,0.00002635394625561532,gmgn,smart_degen,axiom|padre,paper_hands,,
94,C,103,98T65wcMEjoNLDTJszBHGZEX75QRe8QaANXokv4yw3Mp,https://gmgn.ai/sol/address/98T65wcMEjoNLDTJszBHGZEX75QRe8QaANXokv4yw3Mp,Leck,LeckSol,Leck,1,1,0.333,3,3,0.76,0.1,2026-05-10T20:13:16.000Z,2026-05-12T06:42:36.124Z,28902,0,-0.35674647372,0,yes,0.1,2026-05-12T06:42:36.124Z,0.000037748960313788706,okx|gmgn,kol|renowned,kol|axiom|bullx|padre,paper_hands|bundler,,
95,C,103,J4wCvZgKj2geSqsu5YpFh5pP2uecmjHsKyyCNwy7eLVC,https://gmgn.ai/sol/address/J4wCvZgKj2geSqsu5YpFh5pP2uecmjHsKyyCNwy7eLVC,三千火炎焱,iurttkx,三千火炎焱,1,1,0.333,3,3,0.76,0.1,2026-05-07T11:09:40.000Z,2026-05-12T06:41:52.242Z,148507,0,-25.6501717548,0,yes,0.1,2026-05-12T06:41:52.242Z,0.00578214791874229,gmgn|okx,renowned|kol,kol|axiom|gmgn,,,
96,C,102.9,4vw54BmAogeRV3vPKWyFet5yf8DTLcREzdSzx4rw9Ud9,https://gmgn.ai/sol/address/4vw54BmAogeRV3vPKWyFet5yf8DTLcREzdSzx4rw9Ud9,decu,notdecu,decu,1,1,0.333,3,3,0.75,0.1,2026-05-10T20:09:28.000Z,2026-05-12T06:42:46.148Z,28902,0,-3.91000637385,0,yes,0.1,2026-05-12T06:42:46.148Z,0.00000615449841959865,gmgn|okx,renowned|kol,kol|axiom|photon|padre,bundler|paper_hands,,
97,C,102.9,Bb3cbhXKyHuMv1QQ34SMfhT7QBiZM7ET8udpEcpZGWdR,https://gmgn.ai/sol/address/Bb3cbhXKyHuMv1QQ34SMfhT7QBiZM7ET8udpEcpZGWdR,,,,1,1,0.500,2,2,1.91,0.1,2026-05-10T10:52:49.000Z,2026-05-12T06:42:34.187Z,119579,0,378.40920301622,0,yes,0.1,2026-05-12T06:42:34.187Z,0.0038996373602804787,gmgn,smart_degen,axiom,bundler|paper_hands,,
98,C,102.6,7hDYei9f6XznPmGPPNqjSi1wgfeVZs5DZFigzV5rpa5J,https://gmgn.ai/sol/address/7hDYei9f6XznPmGPPNqjSi1wgfeVZs5DZFigzV5rpa5J,,,,1,1,0.333,3,3,3,1.1,2026-05-10T05:50:05.000Z,2026-05-11T05:33:46.292Z,119579,0,5101.817791277132,0,yes,1.1,2026-05-11T05:33:46.292Z,0.006374116257461653,gmgn,smart_degen,axiom,paper_hands|bundler|transfer_in,,
99,C,102.4,8DRCemD4qoWjE6YF3oqqRNbZghrK19gKbZ7F6xzEMts,https://gmgn.ai/sol/address/8DRCemD4qoWjE6YF3oqqRNbZghrK19gKbZ7F6xzEMts,,,,1,1,0.500,2,2,1.91,0.1,2026-05-10T06:49:33.000Z,2026-05-12T06:42:34.186Z,119579,0,317.90896431589,0,yes,0.1,2026-05-12T06:42:34.186Z,0.0031232239727381436,gmgn,smart_degen,axiom,bundler|paper_hands,,
100,B,102,71pAfN1nJhcLaezSRYvwdsNFE9PnY9hNfcxB4nZ1gdAp,https://gmgn.ai/sol/address/71pAfN1nJhcLaezSRYvwdsNFE9PnY9hNfcxB4nZ1gdAp,,,,3,2,1.000,3,2,3,4,2026-05-08T08:07:17.000Z,2026-05-08T08:08:34.962Z,142975,0,-3.94257918716287,,no,4,2026-05-08T08:08:34.962Z,,okx,smart_money,,,,
101,C,102,DvsVANJkMX3NmZYTVbCKhkZgr1FXYX5oHnhzN97o8hAM,https://gmgn.ai/sol/address/DvsVANJkMX3NmZYTVbCKhkZgr1FXYX5oHnhzN97o8hAM,,,,1,1,0.333,3,3,0.76,0.1,2026-05-10T14:26:33.000Z,2026-05-12T06:42:16.139Z,119579,0,215.89171854796,0,yes,0.1,2026-05-12T06:42:16.139Z,0.00010643033248499798,gmgn,smart_degen,axiom|trojan|padre|pepeboost,bundler|paper_hands,,
102,C,101.5,4DdrfiDHpmx55i4SPssxVzS9ZaKLb8qr45NKY9Er9nNh,https://gmgn.ai/sol/address/4DdrfiDHpmx55i4SPssxVzS9ZaKLb8qr45NKY9Er9nNh,,,,1,1,0.500,2,2,2,4,2026-05-08T06:20:28.000Z,2026-05-08T08:08:34.970Z,91917,0,591.9426960182723,0.466667,no,4,2026-05-08T08:08:34.970Z,48.990444028327616,okx|gmgn,smart_money|smart_degen,,,,
103,C,101.3,BNqKcFbBcfdVvvtVxPPioQXSTVmq1KUDLRw4ARHi28i2,https://gmgn.ai/sol/address/BNqKcFbBcfdVvvtVxPPioQXSTVmq1KUDLRw4ARHi28i2,,,,1,1,0.250,4,4,4,1.1,2026-05-10T10:12:43.000Z,2026-05-11T05:33:58.284Z,119579,0,6055.7001743080045,0,yes,1.1,2026-05-11T05:33:58.284Z,0.00032204318041578804,gmgn,smart_degen,axiom,bundler|paper_hands|transfer_in,,
104,C,101.2,56zoeCrehFaXAtJWLGRvdAkED6emPaAVf1Di4AQiJZpk,https://gmgn.ai/sol/address/56zoeCrehFaXAtJWLGRvdAkED6emPaAVf1Di4AQiJZpk,rachaelsacks.eth,RAnSacks,rachaelsacks.eth,1,1,0.250,4,3,1.01,0.1,2026-05-08T00:20:14.000Z,2026-05-12T06:42:32.171Z,131302,0,-398.2249254943804,0,yes,0.1,2026-05-12T06:42:32.171Z,0.013276950357063867,gmgn|okx,renowned|kol,kol,paper_hands,,
105,C,101.2,FEawALsm5KT6UHySiFPDwAanvUWXzMadJSMxncdebnge,https://gmgn.ai/sol/address/FEawALsm5KT6UHySiFPDwAanvUWXzMadJSMxncdebnge,,,,1,1,1.000,1,1,1,1.1,2026-05-10T15:32:19.000Z,2026-05-11T05:33:34.162Z,4713,0,12.95704492134,0,yes,1.1,2026-05-11T05:33:34.162Z,0.00011723188858214087,gmgn,smart_degen,axiom,bundler|paper_hands,,
106,C,101.1,6bxvSqw7bzRHTPNf2ZRvywLRqJ9LFn47sHaq5sd6bk5o,https://gmgn.ai/sol/address/6bxvSqw7bzRHTPNf2ZRvywLRqJ9LFn47sHaq5sd6bk5o,JAY,jaystoolate,JAY,1,1,0.250,4,4,3.82,0.1,2026-05-10T06:23:17.000Z,2026-05-12T06:42:34.186Z,119579,0,3045.8762573105,0,yes,0.1,2026-05-12T06:42:34.186Z,0.0018094549402129282,gmgn,smart_degen,axiom|photon|gmgn,paper_hands|bundler,,
107,C,100.9,4NMLbGDzjYoBMH4Lkg5964D2XW9XAg6w9eUXJqsCUXg6,https://gmgn.ai/sol/address/4NMLbGDzjYoBMH4Lkg5964D2XW9XAg6w9eUXJqsCUXg6,,,,1,1,0.500,2,2,0.51,0.1,2026-05-07T22:08:18.000Z,2026-05-12T06:42:16.125Z,79098,0,37.37763939535,0,yes,0.1,2026-05-12T06:42:16.125Z,0.000053512526123172215,gmgn,smart_degen,axiom,paper_hands,,
108,C,100.3,3QELEdPBiyzRVNh2bnKbsnXgKfQdmSjg5pscoRJHDb9k,https://gmgn.ai/sol/address/3QELEdPBiyzRVNh2bnKbsnXgKfQdmSjg5pscoRJHDb9k,,,,1,1,0.200,5,5,1.72,1.1,2026-05-07T05:08:19.000Z,2026-05-11T05:33:58.284Z,131302,0,4617.4405317291,0,yes,1.1,2026-05-11T05:33:58.284Z,0.000026510851132486276,gmgn,smart_degen,axiom,bundler|paper_hands|transfer_in,,
109,B,100.3,Tq9FfKdMhnMyBZiyXAGCXb3m6RsyX2WhfXq8DZykafU,https://gmgn.ai/sol/address/Tq9FfKdMhnMyBZiyXAGCXb3m6RsyX2WhfXq8DZykafU,,,,2,2,0.400,5,5,5,1.1,2026-05-11T00:49:49.000Z,2026-05-11T05:34:06.309Z,74240,0,-46.11180385221,0,yes,1.1,2026-05-11T05:34:06.309Z,0.000055727840694374464,gmgn,smart_degen,,paper_hands|bundler,,
110,C,99.6,FG8JjLyvhfuB7eFQPL7Dc4MzfTpeXx4fPm3YGQRGeG9K,https://gmgn.ai/sol/address/FG8JjLyvhfuB7eFQPL7Dc4MzfTpeXx4fPm3YGQRGeG9K,,,,1,1,0.200,5,5,1.72,1.1,2026-05-07T03:29:52.000Z,2026-05-11T05:33:58.281Z,131302,0,3461.3612427721196,0,yes,1.1,2026-05-11T05:33:58.281Z,0.00003572809757966395,gmgn,smart_degen,axiom,bundler|paper_hands,,
111,C,99.4,7D5pYnh8TAEkfzENsPDWMhBPoLjFkcS7ayCNnoX7fr1R,https://gmgn.ai/sol/address/7D5pYnh8TAEkfzENsPDWMhBPoLjFkcS7ayCNnoX7fr1R,,,,1,1,0.333,3,3,2.86,0.1,2026-05-10T08:47:29.000Z,2026-05-12T06:42:32.169Z,119579,0,821.4686921692341,0,yes,0.1,2026-05-12T06:42:32.169Z,0.0035797739167373237,gmgn,smart_degen,bullx|gmgn,bundler|paper_hands,,
112,C,99.2,8fsKLLtvKNanL4ginCaiRS6UfeemY11rSf8U8fN1dJw4,https://gmgn.ai/sol/address/8fsKLLtvKNanL4ginCaiRS6UfeemY11rSf8U8fN1dJw4,Stigman,Stigman__,Stigman,1,1,0.200,5,5,4.77,0.1,2026-05-10T05:20:21.000Z,2026-05-12T06:42:34.186Z,119579,0,1622.5651211144684,0,yes,0.1,2026-05-12T06:42:34.186Z,0.0026731472691209927,gmgn,smart_degen,axiom|padre,bundler|transfer_in|paper_hands,,
113,C,99,VVV4C8wbLVU5Yw2JmdF7SPmoG2ubmJmmcjzHAJcdHgH,https://gmgn.ai/sol/address/VVV4C8wbLVU5Yw2JmdF7SPmoG2ubmJmmcjzHAJcdHgH,钻石手,Sunnyikes,钻石手,1,1,0.125,8,7,2.01,0.1,2026-05-07T14:58:00.000Z,2026-05-12T06:42:34.192Z,131302,0,15.87507880132,0,yes,0.1,2026-05-12T06:42:34.192Z,0.0006496741541321508,gmgn,renowned,kol|gmgn,paper_hands|bundler,,
114,C,98.9,AdmuNy6KJgYa8GoJXDqCknBte57WQEf8khQG9iu9cY5,https://gmgn.ai/sol/address/AdmuNy6KJgYa8GoJXDqCknBte57WQEf8khQG9iu9cY5,,,,1,1,0.500,2,2,2,1.1,2026-05-10T05:30:59.000Z,2026-05-11T05:33:46.296Z,119579,0,147.58212796779,0,yes,1.1,2026-05-11T05:33:46.296Z,0.014075112602598583,gmgn,smart_degen,,bundler|paper_hands,,
115,B,98.5,2xTAbVhrFdHybZnxjkwfkQHLvkRKMfggL641mFKj8xWD,https://gmgn.ai/sol/address/2xTAbVhrFdHybZnxjkwfkQHLvkRKMfggL641mFKj8xWD,,,,2,2,0.500,4,4,4,4,2026-05-07T13:19:36.000Z,2026-05-08T08:07:31.503Z,135556,0,-69.90851906294,0,no,4,2026-05-08T08:07:31.503Z,0.0001450789556205059,gmgn,smart_degen,,,,
116,B,98.5,CVxUKFrWDYkE3gsZP9gyVmLD6XkXykk2ukKhAfNrJev8,https://gmgn.ai/sol/address/CVxUKFrWDYkE3gsZP9gyVmLD6XkXykk2ukKhAfNrJev8,,,,2,2,0.500,4,4,4,4,2026-05-07T13:03:12.000Z,2026-05-08T08:07:29.513Z,109454,0,44.06819989814,0,no,4,2026-05-08T08:07:29.513Z,0.000059284517504793545,gmgn,smart_degen,,,,
117,B,98.5,HtwoXN4SeA4NDYMSwLc2fAYsXys3QUeVt78KDwFPYk3E,https://gmgn.ai/sol/address/HtwoXN4SeA4NDYMSwLc2fAYsXys3QUeVt78KDwFPYk3E,,,,2,2,0.500,4,4,4,4,2026-05-08T05:32:20.000Z,2026-05-08T08:07:33.544Z,111610,0,133.12455733295,0,no,4,2026-05-08T08:07:33.544Z,0.0001423527393053937,gmgn,smart_degen,,,,
118,B,98.5,J2ECnk4MJQ8boxN77ss8fTkQRQxG7JmEUEGbARjxBPaz,https://gmgn.ai/sol/address/J2ECnk4MJQ8boxN77ss8fTkQRQxG7JmEUEGbARjxBPaz,,,,2,2,0.500,4,4,4,4,2026-05-07T10:50:15.000Z,2026-05-08T08:07:31.502Z,105200,0,-14.84783995322,0,no,4,2026-05-08T08:07:31.502Z,0.0002517131671968409,gmgn,smart_degen,,,,
119,B,98.5,Nsgx8SAf9jSmwqewSttpXbEKAHSPZPae2gFLfj6Yu44,https://gmgn.ai/sol/address/Nsgx8SAf9jSmwqewSttpXbEKAHSPZPae2gFLfj6Yu44,,,,2,2,0.500,4,4,4,4,2026-05-07T04:00:23.000Z,2026-05-08T08:07:29.513Z,135556,0,82.1359132483,0,no,4,2026-05-08T08:07:29.513Z,0.002575505466355531,gmgn,smart_degen,,,,
120,C,97.7,4Vg8eMEQ8hdiFfkwLJnjxDcRTX88TUc8w9hvsokvNS2q,https://gmgn.ai/sol/address/4Vg8eMEQ8hdiFfkwLJnjxDcRTX88TUc8w9hvsokvNS2q,,,,1,1,0.250,4,3,1.01,0.1,2026-05-10T14:17:40.000Z,2026-05-12T06:42:36.124Z,119579,0,80.26785890166701,0,yes,0.1,2026-05-12T06:42:36.124Z,0.0003079815500276286,gmgn,smart_degen,pump_smart,,,
121,C,96.6,9LxMdvs1m8QRFvFuhvzzMXykAkpaHTJhktULdpBztUMm,https://gmgn.ai/sol/address/9LxMdvs1m8QRFvFuhvzzMXykAkpaHTJhktULdpBztUMm,,,,1,1,0.125,8,7,2.01,0.1,2026-05-07T03:42:39.000Z,2026-05-12T06:42:46.142Z,131302,0,-123.22446002114,0,yes,0.1,2026-05-12T06:42:46.142Z,0.00048305049484779464,gmgn,smart_degen,axiom,bundler|paper_hands,,
122,C,96.5,6NQXRwFyzjuaHhYi5iYshs9zeMNTScv4z54bn3Q3opHu,https://gmgn.ai/sol/address/6NQXRwFyzjuaHhYi5iYshs9zeMNTScv4z54bn3Q3opHu,阿峰_Afeng,aa_AFeng,阿峰_Afeng,1,1,0.500,2,2,2,4,2026-05-08T06:50:51.000Z,2026-05-08T08:08:34.985Z,91917,0,1558.4209738992793,0.42857100000000004,no,4,2026-05-08T08:08:34.985Z,413.32611019162437,gmgn|okx,renowned|kol,kol|gmgn,paper_hands,,
123,C,96.3,8h4ws6RXbhZTh53ZZLi4hTw61iBMu3KUVouNkdToUXKq,https://gmgn.ai/sol/address/8h4ws6RXbhZTh53ZZLi4hTw61iBMu3KUVouNkdToUXKq,,,,1,1,0.500,2,2,2,1.1,2026-05-10T20:22:33.000Z,2026-05-11T05:34:06.309Z,28902,0,55.01022989965,0,yes,1.1,2026-05-11T05:34:06.309Z,0.00017147863576535792,gmgn,smart_degen,axiom,bundler|paper_hands,,
124,C,96.3,tuyuNoNBoij3FTkHmjkiEa4d8Nus4bjaCHfKRGgfLEs,https://gmgn.ai/sol/address/tuyuNoNBoij3FTkHmjkiEa4d8Nus4bjaCHfKRGgfLEs,,,,1,1,0.250,4,4,3.82,0.1,2026-05-10T05:23:34.000Z,2026-05-12T06:42:32.170Z,119579,0,498.82108983243,0,yes,0.1,2026-05-12T06:42:32.170Z,0.012032909661949026,gmgn,smart_degen,axiom,bundler|paper_hands,,
125,C,95.5,A1wRAMAQLuCfAQNUjnAa2Q4Ci5CQv2fGmhtSooGvBAaW,https://gmgn.ai/sol/address/A1wRAMAQLuCfAQNUjnAa2Q4Ci5CQv2fGmhtSooGvBAaW,,,,1,1,0.333,3,3,3,1.1,2026-05-10T21:16:56.000Z,2026-05-11T05:33:46.296Z,119579,0,341.50037200726,0,yes,1.1,2026-05-11T05:33:46.296Z,0.008937371955476626,gmgn,smart_degen,axiom|bullx,bundler|paper_hands,,
126,C,95.5,HtHkKxYN43BdJ8QJU1srMa3bqjpncLFcZgVCX8yU3AJS,https://gmgn.ai/sol/address/HtHkKxYN43BdJ8QJU1srMa3bqjpncLFcZgVCX8yU3AJS,,,,1,1,0.333,3,3,0.76,0.1,2026-05-07T04:17:01.000Z,2026-05-12T06:42:16.139Z,131302,0,16.81564052843,0,yes,0.1,2026-05-12T06:42:16.139Z,0.0017882663601656817,gmgn,smart_degen,axiom|photon,paper_hands,,
127,C,95.3,DphoNsGZMZ1KVDvLitJREiroFeTePL3YogsDKyP28Ztw,https://gmgn.ai/sol/address/DphoNsGZMZ1KVDvLitJREiroFeTePL3YogsDKyP28Ztw,,,,1,1,0.250,4,4,3.82,0.1,2026-05-10T20:17:41.000Z,2026-05-12T06:42:16.124Z,28902,0,339.08163888587,0,yes,0.1,2026-05-12T06:42:16.124Z,0.015003443262802594,gmgn,smart_degen,fresh_wallet|axiom,bundler|paper_hands,,
128,C,95.3,HSsJjkHrxezZ1SdhgdivhDGXbxANicWbKvKsVtrMrJvG,https://gmgn.ai/sol/address/HSsJjkHrxezZ1SdhgdivhDGXbxANicWbKvKsVtrMrJvG,,,,1,1,0.167,6,6,5.72,0.1,2026-05-10T14:14:06.000Z,2026-05-12T06:42:46.142Z,119579,0,302.94779550724,0,yes,0.1,2026-05-12T06:42:46.142Z,0.00039879585079079195,gmgn,smart_degen,axiom|padre,paper_hands|bundler,,
129,B,95,FJTe17tm2ofTRUsnw4TN6nSQSjYhfaw6wFGZRQJDdBZN,https://gmgn.ai/sol/address/FJTe17tm2ofTRUsnw4TN6nSQSjYhfaw6wFGZRQJDdBZN,,,,2,1,1.000,2,1,2,4,2026-05-08T08:02:18.000Z,2026-05-08T08:08:34.974Z,138073,0,551.9573547817814,0.481481,no,4,2026-05-08T08:08:34.974Z,53.72458131812777,okx,smart_money,,,,
130,C,94.9,7VBTpiiEjkwRbRGHJFUz6o5fWuhPFtAmy8JGhNqwHNnn,https://gmgn.ai/sol/address/7VBTpiiEjkwRbRGHJFUz6o5fWuhPFtAmy8JGhNqwHNnn,brox 🧟‍♂️,ohbrox,brox 🧟‍♂️,1,1,0.500,2,2,2,1.1,2026-05-10T20:15:13.000Z,2026-05-11T05:34:06.311Z,28902,0,216.05018043973,0,yes,1.1,2026-05-11T05:34:06.311Z,0.00017505374389323119,gmgn,renowned,kol|axiom|photon|bullx|padre,bundler|paper_hands,,
131,C,94.9,926XuvXosALA5EFivN16y4Ey8BY21kZYUXvhkNYBwYSj,https://gmgn.ai/sol/address/926XuvXosALA5EFivN16y4Ey8BY21kZYUXvhkNYBwYSj,trancey (bull mode),tranc3y,trancey (bull mode),1,1,1.000,1,1,1,1.1,2026-05-10T12:32:10.000Z,2026-05-11T05:33:22.267Z,119579,0,7.51445698478869,0,yes,1.1,2026-05-11T05:33:22.267Z,0.0007837075005860159,gmgn,renowned,kol|gmgn,bundler,,
132,B,94.8,CRehX3UNi4MyyQagMz7MyfiWrN9ZynE6v2eNZ2ffrPD1,https://gmgn.ai/sol/address/CRehX3UNi4MyyQagMz7MyfiWrN9ZynE6v2eNZ2ffrPD1,,,,2,2,0.286,7,7,7,4,2026-05-07T23:01:17.000Z,2026-05-08T08:07:29.508Z,139905,0,48.54707233048857,0,no,4,2026-05-08T08:07:29.508Z,0.0027628326534786503,gmgn,smart_degen,,,,
133,C,94.3,9MoWnd3zSxTLnZothvSzosL6YAaiSaiJ1dzrWhbYECEF,https://gmgn.ai/sol/address/9MoWnd3zSxTLnZothvSzosL6YAaiSaiJ1dzrWhbYECEF,,,,1,1,1.000,1,1,1,1.1,2026-05-10T18:11:45.000Z,2026-05-11T05:33:34.162Z,4713,0,-1.81531058667,0,yes,1.1,2026-05-11T05:33:34.162Z,0.000985647586176867,gmgn,smart_degen,,paper_hands,,
134,C,94.3,EeHJn4X6FUGEbcjJE5ysB8usN8C7AY75Ej8TrvfgPRrZ,https://gmgn.ai/sol/address/EeHJn4X6FUGEbcjJE5ysB8usN8C7AY75Ej8TrvfgPRrZ,,,,1,1,1.000,1,1,1,1.1,2026-05-10T13:59:20.000Z,2026-05-11T05:33:22.265Z,119579,0,-295.37602824896,0,yes,1.1,2026-05-11T05:33:22.265Z,0.0008337588401974785,gmgn,smart_degen,gmgn,,,
135,C,93.8,CBPMJkXhbRueZeAXVsCNnU3LSMytigzEzGrsJDY4nTHd,https://gmgn.ai/sol/address/CBPMJkXhbRueZeAXVsCNnU3LSMytigzEzGrsJDY4nTHd,,,,1,1,0.250,4,4,3.82,0.1,2026-05-10T20:09:52.000Z,2026-05-12T06:42:16.139Z,28902,0,190.17815391996,0,yes,0.1,2026-05-12T06:42:16.139Z,0.00004418327334783118,gmgn,smart_degen,axiom|padre,bundler|paper_hands,,
136,C,93.7,8aXuJ2X76cDF2wfWWfyzGnscbomZt3w15b2vqaPGpCE,https://gmgn.ai/sol/address/8aXuJ2X76cDF2wfWWfyzGnscbomZt3w15b2vqaPGpCE,,,,1,1,0.333,3,2,2.86,0.1,2026-05-10T05:29:12.000Z,2026-05-12T06:42:32.171Z,119579,0,197.68337574993,0,yes,0.1,2026-05-12T06:42:32.171Z,0.00010675703601384099,gmgn,smart_degen,axiom,bundler|paper_hands,,
137,C,92.7,CkakfbMYpsXd7FRNtz9mZqik1dWjk9EmmxuVhUTQcmq8,https://gmgn.ai/sol/address/CkakfbMYpsXd7FRNtz9mZqik1dWjk9EmmxuVhUTQcmq8,,,,1,1,0.200,5,5,4.77,0.1,2026-05-10T21:00:44.000Z,2026-05-12T06:42:32.168Z,28902,0,136.75788083856,0,yes,0.1,2026-05-12T06:42:32.168Z,0.003656831500810183,gmgn,smart_degen,axiom,bundler|paper_hands,,
138,C,92.7,Hw8stXPYa7pmFaem2qKMRANWUaBfEn4nBpuQpvgAeyVP,https://gmgn.ai/sol/address/Hw8stXPYa7pmFaem2qKMRANWUaBfEn4nBpuQpvgAeyVP,,,,1,1,0.500,2,2,2,1.1,2026-05-10T20:56:05.000Z,2026-05-11T05:34:06.309Z,28902,0,12.8519380171,0,yes,1.1,2026-05-11T05:34:06.309Z,0.0000972048977160703,gmgn,smart_degen,axiom|padre,bundler|paper_hands,,
139,C,92.5,AqSTgWq3tCKRuJCRN3ssVn8cFuQNASVxvpBwaLVmfKgP,https://gmgn.ai/sol/address/AqSTgWq3tCKRuJCRN3ssVn8cFuQNASVxvpBwaLVmfKgP,,,,1,1,0.200,5,4,4.77,0.1,2026-05-10T20:10:23.000Z,2026-05-12T06:42:34.187Z,28902,0,269.82637917314,0,yes,0.1,2026-05-12T06:42:34.187Z,0.0005549923650818409,gmgn,smart_degen,axiom|gmgn|padre,bundler|paper_hands,,
140,C,92.4,2tWpE5K6ZuUHQY5vWn8neT5EQVuCUdbC3hhyjJEHUHRm,https://gmgn.ai/sol/address/2tWpE5K6ZuUHQY5vWn8neT5EQVuCUdbC3hhyjJEHUHRm,,,,1,1,0.333,3,3,3,1.1,2026-05-11T03:43:47.000Z,2026-05-11T05:33:46.293Z,119579,905,103.58594219376391,0,yes,1.1,2026-05-11T05:33:46.293Z,0.0031966896775344144,gmgn,smart_degen,,,,
141,C,92.2,6H8DrKRTeb2bHwx45aVyvq8AoBdg6RadaRgRSbi8aGaX,https://gmgn.ai/sol/address/6H8DrKRTeb2bHwx45aVyvq8AoBdg6RadaRgRSbi8aGaX,,,,1,1,0.250,4,3,4,4,2026-05-07T08:48:33.000Z,2026-05-08T08:07:21.503Z,131302,0,1.71810097716,0,no,4,2026-05-08T08:07:21.503Z,0.00025726557596108396,gmgn|okx,smart_degen|smart_money,,,,
142,C,91.5,2JLTKcECTybkCEp64v7V4P4FijjKiMgKnFkX2WwRWTM6,https://gmgn.ai/sol/address/2JLTKcECTybkCEp64v7V4P4FijjKiMgKnFkX2WwRWTM6,,,,1,1,0.500,2,2,1.91,0.1,2026-05-10T05:27:12.000Z,2026-05-12T06:42:32.168Z,119579,0,3.780141336,0,yes,0.1,2026-05-12T06:42:32.168Z,0.010000734736827346,gmgn,smart_degen,axiom,bundler|paper_hands,,
143,C,91.3,BN5UW6MaLRfqV5SqrC2qFeBipDbsefMrQtfhx91JMKJ6,https://gmgn.ai/sol/address/BN5UW6MaLRfqV5SqrC2qFeBipDbsefMrQtfhx91JMKJ6,,,,1,1,0.167,6,5,5.72,0.1,2026-05-10T05:53:45.000Z,2026-05-12T06:42:38.124Z,119579,0,139.53254281839,0,yes,0.1,2026-05-12T06:42:38.124Z,0.000019719258982295494,gmgn,smart_degen,axiom,paper_hands|bundler,,
144,C,90.6,23RC8CTjZ6VRsFN6eEJaNNaG1Q5pj55H23Sh1phBvZud,https://gmgn.ai/sol/address/23RC8CTjZ6VRsFN6eEJaNNaG1Q5pj55H23Sh1phBvZud,,,,1,1,0.250,4,4,3.82,0.1,2026-05-10T10:54:06.000Z,2026-05-12T06:42:34.186Z,119579,0,54.592204254230616,0,yes,0.1,2026-05-12T06:42:34.186Z,0.0009717316798957433,gmgn,smart_degen,padre,bundler|paper_hands,,
145,C,90,2v178XLeug7gpPXrU7LWmqizMBxjtRXkfWZ8iQA4P47i,https://gmgn.ai/sol/address/2v178XLeug7gpPXrU7LWmqizMBxjtRXkfWZ8iQA4P47i,,,,1,1,1.000,1,1,1,4,2026-05-07T06:36:24.000Z,2026-05-08T08:07:21.499Z,131302,0,-356.4318214992021,0,no,4,2026-05-08T08:07:21.499Z,0.0006627807152415026,gmgn,smart_degen,,,,
146,C,90,6Y7VzR1dcfUyGCbUS9b5PiWhRCN7Hg5NAVUWV9gaMks1,https://gmgn.ai/sol/address/6Y7VzR1dcfUyGCbUS9b5PiWhRCN7Hg5NAVUWV9gaMks1,,,,1,1,1.000,1,1,1,4,2026-05-07T03:46:30.000Z,2026-05-08T08:07:21.501Z,131302,0,56.47584273967,0,no,4,2026-05-08T08:07:21.501Z,0.0004661583507083615,gmgn,smart_degen,,,,
147,C,90,7Ff9bMujNXue8obmfdBYcn32mB5G1tSSk8ffUJ1J8Roq,https://gmgn.ai/sol/address/7Ff9bMujNXue8obmfdBYcn32mB5G1tSSk8ffUJ1J8Roq,,,,1,1,1.000,1,1,1,4,2026-05-07T00:22:48.000Z,2026-05-08T08:07:13.502Z,148507,0,-13.96809108126,0,no,4,2026-05-08T08:07:13.502Z,0.000011537992221046045,gmgn,smart_degen,,,,
148,C,90,7y3V87V9bRr5scKMHQD8KteuRALq7odQE6S4Rc2aW2vj,https://gmgn.ai/sol/address/7y3V87V9bRr5scKMHQD8KteuRALq7odQE6S4Rc2aW2vj,,,,1,1,1.000,1,1,1,4,2026-05-07T15:44:28.000Z,2026-05-08T08:07:17.477Z,79098,0,72.57522625105946,0,no,4,2026-05-08T08:07:17.477Z,0.00008288528098755908,gmgn,smart_degen,,,,
149,C,90,E5XH7MGazFEkb2YrJAWYBFvjRr3tDE8kozWmvzR4Cyv2,https://gmgn.ai/sol/address/E5XH7MGazFEkb2YrJAWYBFvjRr3tDE8kozWmvzR4Cyv2,,,,1,1,1.000,1,1,1,4,2026-05-07T03:04:33.000Z,2026-05-08T08:07:21.503Z,131302,0,8.493049151,0,no,4,2026-05-08T08:07:21.503Z,0.000281345799481554,gmgn,smart_degen,,,,
150,C,90,F1924TJoDHGfgPACmZsKQwAuda8keVvBzqVWRgr7JHaD,https://gmgn.ai/sol/address/F1924TJoDHGfgPACmZsKQwAuda8keVvBzqVWRgr7JHaD,,,,1,1,1.000,1,1,1,4,2026-05-07T10:48:38.000Z,2026-05-08T08:07:17.475Z,79098,0,-1.73543875289,0,no,4,2026-05-08T08:07:17.475Z,0.000054436894506669384,gmgn,smart_degen,,,,
151,C,90,FbiBbTBP2Vs7b3j74eBsAYFpxWms11m23DeGmYcc8Yoo,https://gmgn.ai/sol/address/FbiBbTBP2Vs7b3j74eBsAYFpxWms11m23DeGmYcc8Yoo,,,,1,1,1.000,1,1,1,4,2026-05-07T18:06:25.000Z,2026-05-08T08:07:17.474Z,79098,126,0,0,no,4,2026-05-08T08:07:17.474Z,0.00028360609664591034,gmgn,smart_degen,,,,
152,C,90,GZVSEAajExLJEvACHHQcujBw7nJq98GWUEZtood9LM9b,https://gmgn.ai/sol/address/GZVSEAajExLJEvACHHQcujBw7nJq98GWUEZtood9LM9b,,,,1,1,1.000,1,1,1,4,2026-05-07T02:36:20.000Z,2026-05-08T08:07:21.502Z,131302,0,-123.65077098468,0,no,4,2026-05-08T08:07:21.502Z,0.0002660980633067725,gmgn,smart_degen,,,,
153,C,90,GkCG1KQcTuhHg8BBiqM2Xbyo4cWKSet4Vv6KmKvBHddz,https://gmgn.ai/sol/address/GkCG1KQcTuhHg8BBiqM2Xbyo4cWKSet4Vv6KmKvBHddz,,,,1,1,1.000,1,1,1,4,2026-05-08T06:56:07.000Z,2026-05-08T08:07:27.488Z,139810,558,0,0,no,4,2026-05-08T08:07:27.488Z,0.0000979736503421318,gmgn,smart_degen,,,,
154,C,90,Gkeqgh2SwRNBVrAKKvQ8QeUqD7GQzjrR6uqnHdtFb3kG,https://gmgn.ai/sol/address/Gkeqgh2SwRNBVrAKKvQ8QeUqD7GQzjrR6uqnHdtFb3kG,,,,1,1,1.000,1,1,1,4,2026-05-08T00:02:40.000Z,2026-05-08T08:07:13.501Z,148507,0,-917.2213324647,0,no,4,2026-05-08T08:07:13.501Z,0.0003606615478224694,gmgn,smart_degen,,,,
155,C,90,HrEdKYvkPwizrPRiFMhgdhbAjxhPX9hFCnqTRVUCWVgz,https://gmgn.ai/sol/address/HrEdKYvkPwizrPRiFMhgdhbAjxhPX9hFCnqTRVUCWVgz,,,,1,1,1.000,1,1,1,4,2026-05-07T03:11:52.000Z,2026-05-08T08:07:21.499Z,131302,0,1044.19665884562,0,no,4,2026-05-08T08:07:21.499Z,0.0001446062530538744,gmgn,smart_degen,,,,
156,C,90,ummESHXggbAutbJ37r51H7PGKAzDivUhXL7NRTxqVr5,https://gmgn.ai/sol/address/ummESHXggbAutbJ37r51H7PGKAzDivUhXL7NRTxqVr5,,,,1,1,1.000,1,1,1,4,2026-05-07T04:59:19.000Z,2026-05-08T08:07:13.502Z,148507,0,205.93140098723,0,no,4,2026-05-08T08:07:13.502Z,0.00005878150077706216,gmgn,smart_degen,,,,
157,C,89.1,FZq4muokC9HHf2mLAEiHWrvNVLxs2m8o1e68XU54J8ok,https://gmgn.ai/sol/address/FZq4muokC9HHf2mLAEiHWrvNVLxs2m8o1e68XU54J8ok,,,,1,1,0.333,3,3,2.86,0.1,2026-05-10T06:33:47.000Z,2026-05-12T06:42:32.167Z,119579,0,15.09327987354,0,yes,0.1,2026-05-12T06:42:32.167Z,0.0069670052557345655,gmgn,smart_degen,axiom,paper_hands|bundler,,
158,C,87.9,65kmABTfVidnwPzs5bfeyptpM2ewkkNewnJK6QwUSKXE,https://gmgn.ai/sol/address/65kmABTfVidnwPzs5bfeyptpM2ewkkNewnJK6QwUSKXE,,,,1,1,0.250,4,4,3.82,0.1,2026-05-10T05:34:02.000Z,2026-05-12T06:42:46.145Z,119579,0,18.18017716417,0,yes,0.1,2026-05-12T06:42:46.145Z,0.00031207290312380045,gmgn,smart_degen,axiom|padre,bundler|paper_hands,,
159,C,87.7,AtFjYrCLRZMwEXFr4pK3NShq58CGZFXZ21LDeWMUUoF4,https://gmgn.ai/sol/address/AtFjYrCLRZMwEXFr4pK3NShq58CGZFXZ21LDeWMUUoF4,,,,1,1,0.333,3,3,3,1.1,2026-05-10T20:13:15.000Z,2026-05-11T05:34:06.307Z,28902,0,16.11584785388,0,yes,1.1,2026-05-11T05:34:06.307Z,0.0001958992685119199,gmgn,smart_degen,axiom,bundler|paper_hands,,
160,C,85,14HDbSrjCJKgwCXDBXv8PGRGFaLrAqDBq2mCwSA46q5x,https://gmgn.ai/sol/address/14HDbSrjCJKgwCXDBXv8PGRGFaLrAqDBq2mCwSA46q5x,0xMistBlade 🗡️,0xMistBlade,0xMistBlade 🗡️,1,1,1.000,1,1,1,4,2026-05-07T16:26:15.000Z,2026-05-08T08:07:17.477Z,79098,0,4.764316630490517,0,no,4,2026-05-08T08:07:17.477Z,0.00017273279716154526,gmgn,renowned,kol|axiom|padre,paper_hands,,
161,C,85,2kv8X2a9bxnBM8NKLc6BBTX2z13GFNRL4oRotMUJRva9,https://gmgn.ai/sol/address/2kv8X2a9bxnBM8NKLc6BBTX2z13GFNRL4oRotMUJRva9,GH0STEE,gh0stee,GH0STEE,1,1,1.000,1,1,1,4,2026-05-08T05:08:33.000Z,2026-05-08T08:07:33.545Z,91917,0,626.80237204961,0,no,4,2026-05-08T08:07:33.545Z,0.000025749926687129796,gmgn,renowned,kol|axiom,bundler|paper_hands,,
162,C,85,4EsY8HQB4Ak65diFrSHjwWhKSGC8sKmnzyusM993gk2w,https://gmgn.ai/sol/address/4EsY8HQB4Ak65diFrSHjwWhKSGC8sKmnzyusM993gk2w,prosciutto,prosciuttosol,prosciutto,1,1,1.000,1,1,1,4,2026-05-08T02:40:03.000Z,2026-05-08T08:07:17.477Z,79098,0,-67.32241373364,0,no,4,2026-05-08T08:07:17.477Z,0.00016519642492601744,gmgn,renowned,kol|trojan,,,
163,C,85,9A4h17UgLGaVws6T1mBxzH5gkG35CUSrTfNgNK5Uj4Rp,https://gmgn.ai/sol/address/9A4h17UgLGaVws6T1mBxzH5gkG35CUSrTfNgNK5Uj4Rp,Cendol 岑铎,Cendolnice,Cendol 岑铎,1,1,0.200,5,5,1.26,0.1,2026-05-10T09:37:56.000Z,2026-05-12T06:42:38.128Z,119579,0,-127.79636366689998,0,yes,0.1,2026-05-12T06:42:38.128Z,0.00024012075846868952,gmgn,renowned,kol|axiom|photon|gmgn,paper_hands|bundler,,
164,C,85,9St6ETbe3CFitw6UNSd8kg7kZ6STXy71wEGiERqQj89U,https://gmgn.ai/sol/address/9St6ETbe3CFitw6UNSd8kg7kZ6STXy71wEGiERqQj89U,Trench Guerilla,trenchguerilla,Trench Guerilla,1,1,1.000,1,1,1,4,2026-05-06T23:52:36.000Z,2026-05-08T08:07:13.503Z,148507,0,8.08979063925,0,no,4,2026-05-08T08:07:13.503Z,0.000016053296146598953,gmgn,renowned,kol|axiom|gmgn|padre,paper_hands,,
165,C,82.4,41uh7g1DxYaYXdtjBiYCHcgBniV9Wx57b7HU7RXmx1Gg,https://gmgn.ai/sol/address/41uh7g1DxYaYXdtjBiYCHcgBniV9Wx57b7HU7RXmx1Gg,Lowskii,Lowskii_gg,Lowskii,1,1,0.500,2,2,0.69,1.1,2026-05-10T08:29:24.000Z,2026-05-11T05:33:22.266Z,119579,0,0.79745109493,0,yes,1.1,2026-05-11T05:33:22.266Z,0.0012328276642174798,gmgn,renowned,kol|axiom|bullx,paper_hands,,
166,C,81.9,C937MwaPmo2d6zxysoGeEERZZit7EC7H1R3Mem3BfUKZ,https://gmgn.ai/sol/address/C937MwaPmo2d6zxysoGeEERZZit7EC7H1R3Mem3BfUKZ,,,,1,1,0.333,3,3,2.86,0.1,2026-05-10T05:39:55.000Z,2026-05-12T06:42:34.186Z,119579,0,-0.27050001367,0,yes,0.1,2026-05-12T06:42:34.186Z,0.005222899958958245,gmgn,smart_degen,axiom|padre,bundler|paper_hands,,
167,C,81.9,CE6q7wR6NYKU1QzhQUz7T8ud7rtc7U5JequuzA6KAXmr,https://gmgn.ai/sol/address/CE6q7wR6NYKU1QzhQUz7T8ud7rtc7U5JequuzA6KAXmr,,,,1,1,0.333,3,3,2.86,0.1,2026-05-10T19:55:26.000Z,2026-05-12T06:42:32.168Z,4713,0,-2.66906205955,0,yes,0.1,2026-05-12T06:42:32.168Z,0.014134577479745685,gmgn,smart_degen,axiom,bundler|paper_hands,,
168,C,81.9,HebCWRzLJ5p8vKahEMjFQvoZi8oap977agVLLswUodr8,https://gmgn.ai/sol/address/HebCWRzLJ5p8vKahEMjFQvoZi8oap977agVLLswUodr8,,,,1,1,0.333,3,3,2.86,0.1,2026-05-10T21:01:43.000Z,2026-05-12T06:42:34.185Z,28902,0,-3.26431405612,0,yes,0.1,2026-05-12T06:42:34.185Z,0.002237675178155713,gmgn,smart_degen,axiom,paper_hands|bundler,,
169,C,81.5,2xygiSjkrvpc4rNjpg6dzeBhk3wvQaaWRSMAK4x2Tyyn,https://gmgn.ai/sol/address/2xygiSjkrvpc4rNjpg6dzeBhk3wvQaaWRSMAK4x2Tyyn,,,,1,1,0.500,2,2,2,4,2026-05-07T13:39:35.000Z,2026-05-08T08:07:21.499Z,131302,0,677.44949410691,0,no,4,2026-05-08T08:07:21.499Z,0.00008608308185947129,gmgn,smart_degen,,,,
170,C,81.5,3oe7aYLUw2Pkbm7QMAhAjn5WbzaoG9tigkrX1mAecr1P,https://gmgn.ai/sol/address/3oe7aYLUw2Pkbm7QMAhAjn5WbzaoG9tigkrX1mAecr1P,,,,1,1,0.500,2,2,2,4,2026-05-07T17:20:41.000Z,2026-05-08T08:07:21.497Z,131302,0,-225.90070665794622,0,no,4,2026-05-08T08:07:21.497Z,0.00023312532675203078,gmgn,smart_degen,,,,
171,C,81.5,AsVTFhFYxFBUHLXXDKP1SYUnm5G5HAHoprxMYqfiMWT4,https://gmgn.ai/sol/address/AsVTFhFYxFBUHLXXDKP1SYUnm5G5HAHoprxMYqfiMWT4,,,,1,1,0.500,2,2,2,4,2026-05-07T03:38:49.000Z,2026-05-08T08:07:21.504Z,131302,5356,1325.3175585582687,0,no,4,2026-05-08T08:07:21.504Z,0.00035297814503339257,gmgn,smart_degen,,,,
172,C,81.5,B54xDTfSGDBDNdGmsQLA4d8Lxkz5CCwzm19S2maz3A8P,https://gmgn.ai/sol/address/B54xDTfSGDBDNdGmsQLA4d8Lxkz5CCwzm19S2maz3A8P,,,,1,1,0.500,2,2,2,4,2026-05-06T10:37:38.000Z,2026-05-08T08:07:27.489Z,139810,0,69.52366576647,0,no,4,2026-05-08T08:07:27.489Z,0.000016121996900222925,gmgn,smart_degen,,,,
173,C,81.5,DknQuSA3PvfcuNiF46mJDE4fX6HPNkJKXovRfkV2eqoR,https://gmgn.ai/sol/address/DknQuSA3PvfcuNiF46mJDE4fX6HPNkJKXovRfkV2eqoR,,,,1,1,0.500,2,2,2,4,2026-05-07T02:52:58.000Z,2026-05-08T08:07:29.508Z,131302,0,2327.317333538272,0,no,4,2026-05-08T08:07:29.508Z,0.002415333303488492,gmgn,smart_degen,,,,
174,C,81.5,FX2MjjFCMkKWupyCQR49gdtSwEpc7fpGJKkFX4J9hjfs,https://gmgn.ai/sol/address/FX2MjjFCMkKWupyCQR49gdtSwEpc7fpGJKkFX4J9hjfs,,,,1,1,0.500,2,2,2,4,2026-05-07T10:02:18.000Z,2026-05-08T08:07:25.466Z,25573,0,-102.22767077685,0,no,4,2026-05-08T08:07:25.466Z,0.0004568095022523564,gmgn,smart_degen,,,,
175,C,80.5,AdcmMagw4y7wYbux9TWRTLSDR8MLUp4ZbsMSHHquuMpg,https://gmgn.ai/sol/address/AdcmMagw4y7wYbux9TWRTLSDR8MLUp4ZbsMSHHquuMpg,,,,1,1,0.250,4,3,1.37,1.1,2026-05-08T05:47:31.000Z,2026-05-11T05:33:46.292Z,139810,0,3.55648982011,0,yes,1.1,2026-05-11T05:33:46.292Z,0.0023316917616690892,gmgn,smart_degen,,paper_hands,,
176,C,80.4,BtDaZUqHr2mKH5EYQCztuerHBuBEfQNYdquTDtEZp2Ym,https://gmgn.ai/sol/address/BtDaZUqHr2mKH5EYQCztuerHBuBEfQNYdquTDtEZp2Ym,,,,1,1,0.167,6,6,5.72,0.1,2026-05-10T15:34:59.000Z,2026-05-12T06:42:46.142Z,119579,0,0,0,yes,0.1,2026-05-12T06:42:46.142Z,0.00041836303070113753,gmgn,smart_degen,axiom|photon,bundler|paper_hands|transfer_in,,
177,C,80.3,bTiNAiDWsAzuDvqf1vGcv3GuvgLxVvaj76KABoqkJa6,https://gmgn.ai/sol/address/bTiNAiDWsAzuDvqf1vGcv3GuvgLxVvaj76KABoqkJa6,,,,1,1,0.333,3,3,3,1.1,2026-05-11T00:43:44.000Z,2026-05-11T05:34:06.310Z,28902,0,-349.45508611635,0,yes,1.1,2026-05-11T05:34:06.310Z,0.0000828911883897237,gmgn,smart_degen,axiom|padre,bundler|paper_hands,,
178,C,80,5ZuV8eqkvzYFVEKbLvGBdexL2tFv7E5BCd2HZpjqbdg,https://gmgn.ai/sol/address/5ZuV8eqkvzYFVEKbLvGBdexL2tFv7E5BCd2HZpjqbdg,,,,1,1,1.000,1,1,1,4,2026-05-08T07:53:37.000Z,2026-05-08T08:08:34.984Z,162730,0,2532.8417810798005,0.355932,no,4,2026-05-08T08:08:34.984Z,162.57432700201096,okx,kol,,,,
179,C,79.9,2g7ucyLawrQ9FZJv22xYZJwsY3DTLHxVnkEqXooUVWyt,https://gmgn.ai/sol/address/2g7ucyLawrQ9FZJv22xYZJwsY3DTLHxVnkEqXooUVWyt,,,,1,1,0.200,5,5,4.77,0.1,2026-05-10T05:18:07.000Z,2026-05-12T06:42:34.186Z,119579,0,-145.53456008118,0,yes,0.1,2026-05-12T06:42:34.186Z,0.00676778738534182,gmgn,smart_degen,axiom,bundler|paper_hands,,
180,C,79.3,77Uy6sLLggDg9ZB7Yu7xbtCShVTVvJsVNrPdyQFjLVD5,https://gmgn.ai/sol/address/77Uy6sLLggDg9ZB7Yu7xbtCShVTVvJsVNrPdyQFjLVD5,,,,1,1,0.143,7,6,6.68,0.1,2026-05-10T20:19:42.000Z,2026-05-12T06:42:46.142Z,28902,0,-9.59181438239,0,yes,0.1,2026-05-12T06:42:46.142Z,0.00025822814296005145,gmgn,smart_degen,axiom,bundler|paper_hands,,
181,C,78.6,CDL22EuTKoWeXpiStMWu9pLqLNSn5NkMG3nKoz1YRVUf,https://gmgn.ai/sol/address/CDL22EuTKoWeXpiStMWu9pLqLNSn5NkMG3nKoz1YRVUf,Thokani 🕊️,thokani,Thokani 🕊️,1,1,0.250,4,4,4,1.1,2026-05-10T20:15:30.000Z,2026-05-11T05:34:06.310Z,28902,0,-477.11309649672,0,yes,1.1,2026-05-11T05:34:06.310Z,0.00023593254316402074,gmgn,smart_degen,padre|fomo,bundler|paper_hands,,
182,C,78.6,Hb9SqR4DU79HbZ4EBRpfgFREvea6hxgScjxKvojzA3EV,https://gmgn.ai/sol/address/Hb9SqR4DU79HbZ4EBRpfgFREvea6hxgScjxKvojzA3EV,,,,1,1,0.250,4,4,4,1.1,2026-05-10T06:56:25.000Z,2026-05-11T05:33:50.226Z,119579,0,-6.21819933742,0,yes,1.1,2026-05-11T05:33:50.226Z,0.00011911037441408649,gmgn,smart_degen,fresh_wallet|axiom|padre,paper_hands|bundler,,
183,C,78.4,9DdgHe2XoJF2B95z6uGurSjsLqT9EzBzm6BUsDR6D2PJ,https://gmgn.ai/sol/address/9DdgHe2XoJF2B95z6uGurSjsLqT9EzBzm6BUsDR6D2PJ,,,,1,1,0.167,6,5,5.72,0.1,2026-05-10T06:23:01.000Z,2026-05-12T06:42:46.145Z,119579,0,-6.71678223359,0,yes,0.1,2026-05-12T06:42:46.145Z,0.00003391058511801131,gmgn,smart_degen,padre,bundler|paper_hands,,
184,C,76.5,6VHxuussrXXhN8jTwgpQ8oKv6ZbXxqNCj2HfY6sq5SaL,https://gmgn.ai/sol/address/6VHxuussrXXhN8jTwgpQ8oKv6ZbXxqNCj2HfY6sq5SaL,CryptoLucky🔶,sol_lucky_,CryptoLucky🔶,1,1,0.500,2,2,2,4,2026-05-08T05:08:13.000Z,2026-05-08T08:07:33.545Z,91917,0,-29.91988992616,0,no,4,2026-05-08T08:07:33.545Z,0.00007905984874460593,gmgn,renowned,kol|axiom|gmgn,paper_hands,,
185,C,76,2fnp6XUrJea36F4bGR7him4zS4Tg8FE17hgKgQWSuPP7,https://gmgn.ai/sol/address/2fnp6XUrJea36F4bGR7him4zS4Tg8FE17hgKgQWSuPP7,,,,1,1,0.333,3,3,3,4,2026-05-07T13:39:35.000Z,2026-05-08T08:07:21.504Z,131302,1818,666.42999456157,0,no,4,2026-05-08T08:07:21.504Z,0.00008679325532943845,gmgn,smart_degen,,,,
186,C,76,3gzApubkHv6bA9zvGiBoyRhe6RVY8N6QfehW5fcWinRD,https://gmgn.ai/sol/address/3gzApubkHv6bA9zvGiBoyRhe6RVY8N6QfehW5fcWinRD,,,,1,1,0.333,3,3,3,4,2026-05-07T21:35:26.000Z,2026-05-08T08:07:17.477Z,79098,0,-56.8575417518,0,no,4,2026-05-08T08:07:17.477Z,0.0002257719443653062,gmgn,smart_degen,,,,
187,C,76,47VviWP4qb2QzkZowgoCFmzrZN5RojgkV1A2VSJWiukE,https://gmgn.ai/sol/address/47VviWP4qb2QzkZowgoCFmzrZN5RojgkV1A2VSJWiukE,,,,1,1,0.333,3,3,3,4,2026-05-07T05:29:25.000Z,2026-05-08T08:07:29.509Z,139810,0,524.51530443392,0,no,4,2026-05-08T08:07:29.509Z,0.0018208907761181837,gmgn,smart_degen,,,,
188,C,76,4BRiPjfVeAehyxMw78Cw9Jsa8NMwy8TBgJ1RNMGcexpA,https://gmgn.ai/sol/address/4BRiPjfVeAehyxMw78Cw9Jsa8NMwy8TBgJ1RNMGcexpA,,,,1,1,0.333,3,3,3,4,2026-05-07T13:39:35.000Z,2026-05-08T08:07:21.502Z,131302,0,713.42793221143,0,no,4,2026-05-08T08:07:21.502Z,0.00008175204878711568,gmgn,smart_degen,,,,
189,C,76,8zws4rkYZGFX7G7uJ8x7WHFh5JLkSb5KePgwSVNkzsxu,https://gmgn.ai/sol/address/8zws4rkYZGFX7G7uJ8x7WHFh5JLkSb5KePgwSVNkzsxu,,,,1,1,0.333,3,3,3,4,2026-05-08T05:00:17.000Z,2026-05-08T08:07:33.544Z,91917,0,48.77812329043,0,no,4,2026-05-08T08:07:33.544Z,0.00003123898782233442,gmgn,smart_degen,,,,
190,C,76,9asBCQqp2o5BicHWPJZJ1RBh8hKQR76rejKgkQkzNwPy,https://gmgn.ai/sol/address/9asBCQqp2o5BicHWPJZJ1RBh8hKQR76rejKgkQkzNwPy,,,,1,1,0.333,3,3,3,4,2026-05-07T02:56:19.000Z,2026-05-08T08:07:21.504Z,131302,0,85.59863182311,0,no,4,2026-05-08T08:07:21.504Z,0.00023388528700460774,gmgn,smart_degen,,,,
191,C,76,ARARAw1AL4kKnuwFyU534yoGv5ytexxeVpbcuEvpqi89,https://gmgn.ai/sol/address/ARARAw1AL4kKnuwFyU534yoGv5ytexxeVpbcuEvpqi89,,,,1,1,0.333,3,3,3,4,2026-05-07T02:50:54.000Z,2026-05-08T08:07:21.503Z,131302,0,52.18440064821,0,no,4,2026-05-08T08:07:21.503Z,0.00032293253796339904,gmgn,smart_degen,,,,
192,C,76,B2fon4BhWGNnUAyqWafLDtZof9kjL8nEBrdgP97WQcuX,https://gmgn.ai/sol/address/B2fon4BhWGNnUAyqWafLDtZof9kjL8nEBrdgP97WQcuX,,,,1,1,0.333,3,3,3,4,2026-05-07T19:32:55.000Z,2026-05-08T08:07:29.509Z,139810,0,3683.99696050577,0,no,4,2026-05-08T08:07:29.509Z,0.003362751986668055,gmgn,smart_degen,,,,
193,C,76,GV3xVMBcrHoUaq9daSkff9byhq1eiHjbC5z6dbdTEUpA,https://gmgn.ai/sol/address/GV3xVMBcrHoUaq9daSkff9byhq1eiHjbC5z6dbdTEUpA,,,,1,1,0.333,3,3,3,4,2026-05-07T22:09:08.000Z,2026-05-08T08:07:29.513Z,79098,0,659.03392272775,0,no,4,2026-05-08T08:07:29.513Z,0.00009605843174651439,gmgn,smart_degen,,,,
194,C,76,Gs4oiYvTkrcWjg9NsQGEZt7pqFn3sRX43KRZK5j21SEL,https://gmgn.ai/sol/address/Gs4oiYvTkrcWjg9NsQGEZt7pqFn3sRX43KRZK5j21SEL,,,,1,1,0.333,3,3,3,4,2026-05-07T00:29:45.000Z,2026-05-08T08:07:29.509Z,139810,0,-79.30847061202,0,no,4,2026-05-08T08:07:29.509Z,0.00021783669982049908,gmgn,smart_degen,,,,
195,C,75.2,9ZFAgg82Ud8qxWmwyrEar2t5NWaWstcRFoKKJZEYQndS,https://gmgn.ai/sol/address/9ZFAgg82Ud8qxWmwyrEar2t5NWaWstcRFoKKJZEYQndS,Brookly,Peterbrookly,Brookly,1,1,0.250,4,4,3.82,0.1,2026-05-10T20:25:53.000Z,2026-05-12T06:42:46.148Z,28902,1,0,0,yes,0.1,2026-05-12T06:42:46.148Z,0.00042243827251098776,gmgn,renowned,kol|gmgn,bundler|paper_hands,,
196,C,74.2,2oYNaFL8ZAy8kKKEBZ6uHY2aCMdujk7LG7ggX2Fm3zBa,https://gmgn.ai/sol/address/2oYNaFL8ZAy8kKKEBZ6uHY2aCMdujk7LG7ggX2Fm3zBa,,,,1,1,0.250,4,4,4,4,2026-05-07T03:35:06.000Z,2026-05-08T08:07:29.512Z,131302,0,917.768413728052,0,no,4,2026-05-08T08:07:29.512Z,0.00017404949621965913,gmgn,smart_degen,,,,
197,C,74.2,99QbDV2M2x2ovjWgEDTdjVkJRi7BJkALSyYmTvBo7rpg,https://gmgn.ai/sol/address/99QbDV2M2x2ovjWgEDTdjVkJRi7BJkALSyYmTvBo7rpg,,,,1,1,0.250,4,4,4,4,2026-05-07T02:39:39.000Z,2026-05-08T08:07:29.509Z,131302,0,91.04111980579,0,no,4,2026-05-08T08:07:29.509Z,0.000019699871753248045,gmgn,smart_degen,,,,
198,C,74.2,FhaYN5TDH6JGdkAU1q3vvVeWa7Snbz4dAk53g2XMv9go,https://gmgn.ai/sol/address/FhaYN5TDH6JGdkAU1q3vvVeWa7Snbz4dAk53g2XMv9go,,,,1,1,0.250,4,4,4,4,2026-05-07T09:57:02.000Z,2026-05-08T08:07:29.507Z,139810,0,694.6832960520851,0,no,4,2026-05-08T08:07:29.507Z,0.0010287978226865716,gmgn,smart_degen,,,,
199,C,74.2,HJhZiAKdk9bqWHWMrTkgYGyEmhd25GqdkfRWQEWVQLkx,https://gmgn.ai/sol/address/HJhZiAKdk9bqWHWMrTkgYGyEmhd25GqdkfRWQEWVQLkx,,,,1,1,0.250,4,4,4,4,2026-05-07T13:31:45.000Z,2026-05-08T08:07:27.489Z,139810,0,-309.52030728246,0,no,4,2026-05-08T08:07:27.489Z,0.0006246393828687459,gmgn,smart_degen,,,,
200,C,74,2nhqxaPjXQM7jmGP4pk4D5gXdmPtAbZGnNBGDcyqHS73,https://gmgn.ai/sol/address/2nhqxaPjXQM7jmGP4pk4D5gXdmPtAbZGnNBGDcyqHS73,,,,1,1,0.200,5,5,5,4,2026-05-08T06:17:14.000Z,2026-05-08T08:07:33.543Z,91917,0,-29.70545400467,0,no,4,2026-05-08T08:07:33.543Z,0.00014712708946274818,gmgn,smart_degen,,,,
201,C,74,8SZnC4nicCmRBz1HZzFS1YrwMFEaEnkVi4k2oh5GEYV9,https://gmgn.ai/sol/address/8SZnC4nicCmRBz1HZzFS1YrwMFEaEnkVi4k2oh5GEYV9,,,,1,1,0.200,5,5,5,4,2026-05-07T02:53:48.000Z,2026-05-08T08:07:29.508Z,131302,0,259.84538787323214,0,no,4,2026-05-08T08:07:29.508Z,0.003028793285953918,gmgn,smart_degen,,,,
202,C,72.5,GzqMvEa5t7CTA9StmDTsuAZvDqgz6EQCf7rkMf9iL7zj,https://gmgn.ai/sol/address/GzqMvEa5t7CTA9StmDTsuAZvDqgz6EQCf7rkMf9iL7zj,,,,1,1,0.167,6,5,6,4,2026-05-08T05:26:44.000Z,2026-05-08T08:07:33.543Z,91917,0,91.83422942456,0,no,4,2026-05-08T08:07:33.543Z,0.0001673343765997912,gmgn,smart_degen,,,,
203,C,72,3dGhWKFHY87xFtcbZGjNx6iuFWFh9P6oiJLADgRAj51x,https://gmgn.ai/sol/address/3dGhWKFHY87xFtcbZGjNx6iuFWFh9P6oiJLADgRAj51x,,,,1,1,1.000,1,1,1,4,2026-05-08T08:04:43.000Z,2026-05-08T08:08:34.962Z,92560,0,0,,no,4,2026-05-08T08:08:34.962Z,,okx,smart_money,,,,
204,C,72,4RpCJpRJ78jEfP8hg9fUidJsucd9YeKft1XZMVgEbvfZ,https://gmgn.ai/sol/address/4RpCJpRJ78jEfP8hg9fUidJsucd9YeKft1XZMVgEbvfZ,,,,1,1,1.000,1,1,1,4,2026-05-08T07:37:50.000Z,2026-05-08T07:42:47.828Z,146249,0,0,,no,4,2026-05-08T07:42:47.828Z,,okx,smart_money,,,,
205,C,72,4squjFiJK5dVjtEoffN8v54sw6svz6BLBKCsWMxVhng3,https://gmgn.ai/sol/address/4squjFiJK5dVjtEoffN8v54sw6svz6BLBKCsWMxVhng3,,,,1,1,1.000,1,1,1,4,2026-05-08T07:58:28.000Z,2026-05-08T08:08:34.963Z,107278,0,1.5792860870600525,,no,4,2026-05-08T08:08:34.963Z,,okx,smart_money,,,,
206,C,72,4xHVLyhMdUT3CTFPsNbnyWJV2HBhsoNrJTRGLSWg6sn2,https://gmgn.ai/sol/address/4xHVLyhMdUT3CTFPsNbnyWJV2HBhsoNrJTRGLSWg6sn2,,,,1,1,1.000,1,1,1,4,2026-05-08T08:06:22.000Z,2026-05-08T08:08:34.962Z,90686,0,10.258953808310235,,no,4,2026-05-08T08:08:34.962Z,,okx,smart_money,,,,
207,C,72,DHJKGYTnnwJWWCfZswp9YVwmRPnqqtmGeKEZmzyAytK,https://gmgn.ai/sol/address/DHJKGYTnnwJWWCfZswp9YVwmRPnqqtmGeKEZmzyAytK,,,,1,1,1.000,1,1,1,4,2026-05-08T08:00:14.000Z,2026-05-08T08:08:34.962Z,107537,0,0,,no,4,2026-05-08T08:08:34.962Z,,okx,smart_money,,,,
208,C,72,DTmCAADcmgu5yMc7tqNegryFNpMAkSJzV6EGLWftwGSt,https://gmgn.ai/sol/address/DTmCAADcmgu5yMc7tqNegryFNpMAkSJzV6EGLWftwGSt,,,,1,1,0.200,5,4,5,4,2026-05-07T02:55:02.000Z,2026-05-08T08:07:29.509Z,131302,0,1506.4322447573584,0,no,4,2026-05-08T08:07:29.509Z,0.0006880443250984869,gmgn,smart_degen,,,,
209,C,72,E32nTae9AVhBUGQ2KrFLKhxrsuq5H344X6g5jkiyJFGJ,https://gmgn.ai/sol/address/E32nTae9AVhBUGQ2KrFLKhxrsuq5H344X6g5jkiyJFGJ,,,,1,1,1.000,1,1,1,4,2026-05-08T07:59:09.000Z,2026-05-08T08:08:34.963Z,110482,0,0.5076768258899421,,no,4,2026-05-08T08:08:34.963Z,,okx,smart_money,,,,
210,C,71,DZAa55HwXgv5hStwaTEJGXZz1DhHejvpb7Yr762urXam,https://gmgn.ai/sol/address/DZAa55HwXgv5hStwaTEJGXZz1DhHejvpb7Yr762urXam,ozark,ohzarke,ozark,1,1,0.333,3,3,3,4,2026-05-07T06:13:16.000Z,2026-05-08T08:07:21.505Z,131302,0,1398.3751000687914,0,no,4,2026-05-08T08:07:21.505Z,0.0002549070508598524,gmgn,renowned,kol|axiom|bullx,bundler|paper_hands|transfer_in,,
211,C,63.5,CQYM8VNri7UaQjoJF5bHudtUoMA5L1iPzrugy7ixAPHt,https://gmgn.ai/sol/address/CQYM8VNri7UaQjoJF5bHudtUoMA5L1iPzrugy7ixAPHt,,,,1,1,0.500,2,2,2,4,2026-05-08T08:04:43.000Z,2026-05-08T08:08:34.962Z,92363,0,0,,no,4,2026-05-08T08:08:34.962Z,,okx,smart_money,,,,
212,watch,53.9,sAdNbe1cKNMDqDsa4npB3TfL62T14uAo2MsUQfLvzLT,https://gmgn.ai/sol/address/sAdNbe1cKNMDqDsa4npB3TfL62T14uAo2MsUQfLvzLT,Ethan Prosper,pr6spr,Ethan Prosper,0,0,0.000,3,3,0.75,0.1,,2026-05-12T06:42:34.192Z,,,12881.992036339441,0,yes,0.1,2026-05-12T06:42:34.192Z,0.000671363498891846,gmgn|okx,renowned|kol,kol|axiom|gmgn|padre,bundler|transfer_in|paper_hands,,
213,watch,51.6,8MaVa9kdt3NW4Q5HyNAm1X5LbR8PQRVDc1W8NMVK88D5,https://gmgn.ai/sol/address/8MaVa9kdt3NW4Q5HyNAm1X5LbR8PQRVDc1W8NMVK88D5,Daumen,daumenxyz,Daumen,0,0,0.000,3,3,0.76,0.1,,2026-05-12T06:42:46.148Z,,,4064.3435526046155,0,yes,0.1,2026-05-12T06:42:46.148Z,0.00013283711053573257,gmgn|okx,renowned|kol,kol|axiom|photon|padre|wash_trader,paper_hands,,
214,watch,47.7,CbpnbXAD9PUAwVcYjHY96qooq6eNnoLiZzif766gqLPH,https://gmgn.ai/sol/address/CbpnbXAD9PUAwVcYjHY96qooq6eNnoLiZzif766gqLPH,,,,0,0,0.000,10,8,2.52,0.1,,2026-05-12T06:42:34.188Z,,,26.94847203969,0,yes,0.1,2026-05-12T06:42:34.188Z,0.0005912704118279043,gmgn,smart_degen,axiom|gmgn,bundler|paper_hands,,
215,watch,46.6,5aLiNkoAwoWwjp1CpBhrAmPpRGTk4igx9wLoe2TuYkhe,https://gmgn.ai/sol/address/5aLiNkoAwoWwjp1CpBhrAmPpRGTk4igx9wLoe2TuYkhe,,,,0,0,0.000,3,3,0.76,0.1,,2026-05-12T06:42:32.168Z,,,85.07785407642,0,yes,0.1,2026-05-12T06:42:32.168Z,0.006725413924482849,okx|gmgn,smart_money|smart_degen,axiom,bundler|paper_hands,,
216,watch,45.9,4BdKaxN8G6ka4GYtQQWk4G4dZRUTX2vQH9GcXdBREFUk,https://gmgn.ai/sol/address/4BdKaxN8G6ka4GYtQQWk4G4dZRUTX2vQH9GcXdBREFUk,jijo,jijo_exe,jijo,0,0,0.000,3,3,0.76,0.1,,2026-05-12T06:42:16.142Z,,,457.81400125776,0,yes,0.1,2026-05-12T06:42:16.142Z,0.0022680265267699187,gmgn|okx,renowned|kol,kol|photon|padre,bundler|diamond_hands|paper_hands,,
217,watch,43,DYtENvddf6yaTxnFnviZBa5UjXqy41xbY9CsW3bQujm2,https://gmgn.ai/sol/address/DYtENvddf6yaTxnFnviZBa5UjXqy41xbY9CsW3bQujm2,,,,0,0,0.000,5,3,1.26,0.1,,2026-05-12T06:42:32.169Z,,,20820.93678966224,0,yes,0.1,2026-05-12T06:42:32.169Z,0.0008798169935981035,gmgn,smart_degen,axiom,bundler|paper_hands|diamond_hands,,
218,watch,42.6,DP7G43VPwR5Ab5rcjrCnvJ8UgvRXRHTWscMjRD1eSdGC,https://gmgn.ai/sol/address/DP7G43VPwR5Ab5rcjrCnvJ8UgvRXRHTWscMjRD1eSdGC,Kagami,yenhong123,Kagami,0,0,0.000,2,2,0.51,0.1,,2026-05-12T06:42:16.143Z,,,606.63996315499,0,yes,0.1,2026-05-12T06:42:16.143Z,0.0020738167105837256,gmgn|okx,renowned|kol,kol|gmgn,bundler,,
219,watch,42,5XVKfruE4Zzeoz3aqBQfFMb5aSscY5nSyc6VwtQwNiid,https://gmgn.ai/sol/address/5XVKfruE4Zzeoz3aqBQfFMb5aSscY5nSyc6VwtQwNiid,Ily,ilyunow,Ily,0,0,0.000,6,4,1.51,0.1,,2026-05-12T06:42:34.191Z,,,57657.26182699314,0,yes,0.1,2026-05-12T06:42:34.191Z,0.00033494462159064717,gmgn,renowned,kol|axiom|photon|gmgn,bundler|diamond_hands|whale,,
220,watch,39.9,EQwDGm25FpQpMTT1a3YWBFKAP3We3eV72MsaLVifCS4g,https://gmgn.ai/sol/address/EQwDGm25FpQpMTT1a3YWBFKAP3We3eV72MsaLVifCS4g,,,,0,0,0.000,5,2,1.26,0.1,,2026-05-12T06:42:32.167Z,,,6653.022792721349,0,yes,0.1,2026-05-12T06:42:32.167Z,0.004063374996251093,gmgn,smart_degen,axiom,bundler,,
221,watch,38,9yYya3F5EJoLnBNKW6z4bZvyQytMXzDcpU5D6yYr4jqL,https://gmgn.ai/sol/address/9yYya3F5EJoLnBNKW6z4bZvyQytMXzDcpU5D6yYr4jqL,Loopierr,Loopierr,Loopierr,0,0,0.000,3,3,0.76,0.1,,2026-05-12T06:42:46.148Z,,,20.76277667573,0,yes,0.1,2026-05-12T06:42:46.148Z,0.00037396260282575793,gmgn|okx,renowned|kol,kol|photon|gmgn|padre,bundler|transfer_in|diamond_hands|paper_hands,,
222,watch,36,2NpY9ZuJausmP5yX614Sjm1bDsEsZwVkikfqA2rLLnTG,https://gmgn.ai/sol/address/2NpY9ZuJausmP5yX614Sjm1bDsEsZwVkikfqA2rLLnTG,皇弟弟爱地球🌏,huangdidiaisol,皇弟弟爱地球🌏,0,0,0.000,5,4,1.26,0.1,,2026-05-12T06:42:34.191Z,,,-1322.4392287390529,0,yes,0.1,2026-05-12T06:42:34.191Z,0.00507244570944423,gmgn|okx,renowned|kol,kol|axiom|gmgn,paper_hands|bundler|diamond_hands,,
223,watch,36,6kPn3FEAUxMP5t8Ed5Y65GyZkWMNKwcCMRSqKeMWSfPq,https://gmgn.ai/sol/address/6kPn3FEAUxMP5t8Ed5Y65GyZkWMNKwcCMRSqKeMWSfPq,,,,0,0,0.000,1,1,0.25,0.1,,2026-05-12T06:41:52.241Z,,,3217.23230347572,0,yes,0.1,2026-05-12T06:41:52.241Z,0.0011968890982929766,okx|gmgn,smart_money|smart_degen,axiom|gmgn,bundler|paper_hands,,
224,watch,34,4uCT4g7YHH4xxfmfNfKUDenwGrRNGoZ9Ay1XFxfUGhQG,https://gmgn.ai/sol/address/4uCT4g7YHH4xxfmfNfKUDenwGrRNGoZ9Ay1XFxfUGhQG,Esee,Esee06257,Esee,0,0,0.000,4,4,1.01,0.1,,2026-05-12T06:42:32.171Z,,,-2.96325283932,0,yes,0.1,2026-05-12T06:42:32.171Z,0.00130232382746017,gmgn|okx,renowned|kol,kol|axiom|gmgn|padre|wash_trader,bundler|paper_hands,,
225,watch,34,6S8GezkxYUfZy9JPtYnanbcZTMB87Wjt1qx3c6ELajKC,https://gmgn.ai/sol/address/6S8GezkxYUfZy9JPtYnanbcZTMB87Wjt1qx3c6ELajKC,nyhrox,nyhrox,nyhrox,0,0,0.000,4,4,1.01,0.1,,2026-05-12T06:42:32.171Z,,,-72.0143234903,0,yes,0.1,2026-05-12T06:42:32.171Z,0.002637073423408234,gmgn|okx,renowned|kol,kol|axiom|photon|padre,bundler|paper_hands|transfer_in,,
226,watch,33.8,21vaYvUUE4ND1bVt1tcGiXUXHe41w53unQd5DmCDeLZ1,https://gmgn.ai/sol/address/21vaYvUUE4ND1bVt1tcGiXUXHe41w53unQd5DmCDeLZ1,,,,0,0,0.000,4,4,3.82,0.1,,2026-05-12T06:42:34.187Z,,,6488.80016347596,0,yes,0.1,2026-05-12T06:42:34.187Z,0.00009640469038298778,gmgn,smart_degen,photon,bundler|paper_hands,,
227,watch,33.6,DM9ou9St8L2P3GioqNJsnwEquxum9v2tcGkdA4QKvPHn,https://gmgn.ai/sol/address/DM9ou9St8L2P3GioqNJsnwEquxum9v2tcGkdA4QKvPHn,FranTs,FranTs_Hunter,FranTs,0,0,0.000,4,3,1.01,0.1,,2026-05-12T06:42:16.124Z,,,596.88308329432,0,yes,0.1,2026-05-12T06:42:16.124Z,0.002296447393982404,gmgn,smart_degen,gmgn,bundler,,
228,watch,33,9fpUmh3Tv3UCdeHLyq3o4QhkTBu5XAbEiKP9FtGaSndb,https://gmgn.ai/sol/address/9fpUmh3Tv3UCdeHLyq3o4QhkTBu5XAbEiKP9FtGaSndb,,,,0,0,0.000,8,7,2.01,0.1,,2026-05-12T06:42:46.145Z,,,-6.99101439006,0,yes,0.1,2026-05-12T06:42:46.145Z,0.00040061757681342426,gmgn,smart_degen,axiom|bullx|padre,bundler|paper_hands,,
229,watch,32.4,HXkaN7TAQYXsybY1UHLrn18cVa9jgM3mbReasbAoSjTv,https://gmgn.ai/sol/address/HXkaN7TAQYXsybY1UHLrn18cVa9jgM3mbReasbAoSjTv,,,,0,0,0.000,3,3,0.76,0.1,,2026-05-12T06:42:16.140Z,,,815.69236241147,0,yes,0.1,2026-05-12T06:42:16.140Z,0.004372069473243962,gmgn,smart_degen,pump_smart|photon,bundler,,
230,watch,32.1,GLsbNnV9QBmVgppCitN5pM8MjW8ncuRaogxHvTxfVfki,https://gmgn.ai/sol/address/GLsbNnV9QBmVgppCitN5pM8MjW8ncuRaogxHvTxfVfki,,,,0,0,0.000,3,2,0.75,0.1,,2026-05-12T06:42:34.186Z,,,1567.30871007573,0,yes,0.1,2026-05-12T06:42:34.186Z,0.005338989279135841,gmgn,smart_degen,axiom,diamond_hands|bundler|paper_hands,,
231,watch,30.9,4mZxDG8iSkk8L8Sc3HiAjBVZ7po5uiJL6v2RM3rzTEY3,https://gmgn.ai/sol/address/4mZxDG8iSkk8L8Sc3HiAjBVZ7po5uiJL6v2RM3rzTEY3,,,,0,0,0.000,2,2,1.91,0.1,,2026-05-12T06:42:34.187Z,,,13149.0108194382,0,yes,0.1,2026-05-12T06:42:34.187Z,0.002069878212504531,gmgn,smart_degen,axiom|padre,bundler|paper_hands,,
232,watch,30.9,HrtVLLCBM4LXfRGLGcXBYvkkJ9xnbiJ3ob1MxKdmNs7o,https://gmgn.ai/sol/address/HrtVLLCBM4LXfRGLGcXBYvkkJ9xnbiJ3ob1MxKdmNs7o,,,,0,0,0.000,4,3,1.01,0.1,,2026-05-12T06:42:32.171Z,,,208.7902854224974,0,yes,0.1,2026-05-12T06:42:32.171Z,0.00011572307220946001,gmgn,smart_degen,axiom,paper_hands,,
233,watch,29.5,4PsZZC3LUpG6fY1XbtZvLoHHZ1ZtVmE88WqAJcZxU3Sa,https://gmgn.ai/sol/address/4PsZZC3LUpG6fY1XbtZvLoHHZ1ZtVmE88WqAJcZxU3Sa,Roman Olegovich,romanolegovichx,Roman Olegovich,0,0,0.000,1,1,0.25,0.1,,2026-05-12T06:42:34.190Z,,,1852.03253596074,0,yes,0.1,2026-05-12T06:42:34.190Z,0.004206263354026228,okx|gmgn,kol|renowned,kol|axiom,,,
234,watch,29.3,FVugAb5gWb6vz3zUppNoC5gWvbVA5xDGKnL9tTmTnxsU,https://gmgn.ai/sol/address/FVugAb5gWb6vz3zUppNoC5gWvbVA5xDGKnL9tTmTnxsU,,,,0,0,0.000,3,2,1.03,1.1,,2026-05-11T05:33:46.294Z,,,14566.642629955939,0,yes,1.1,2026-05-11T05:33:46.294Z,0.00006851851369481752,gmgn,smart_degen,fomo,bundler,,
235,watch,28.7,CMo89ymd9nFdVovcn22CSmrsj9mCSNSNMjs8jWysJKZt,https://gmgn.ai/sol/address/CMo89ymd9nFdVovcn22CSmrsj9mCSNSNMjs8jWysJKZt,,,,0,0,0.000,3,3,3,0.1,,2026-05-12T06:42:32.165Z,,,1965.972140409443,0,yes,0.1,2026-05-12T06:42:32.165Z,0.005584175863650266,gmgn,smart_degen,axiom,bundler|paper_hands,,
236,watch,27.7,2rY3CKZAMVuwcfWmGkwJHttPhYnL3cFEaBrpKYp7Z28f,https://gmgn.ai/sol/address/2rY3CKZAMVuwcfWmGkwJHttPhYnL3cFEaBrpKYp7Z28f,,,,0,0,0.000,3,3,3,0.1,,2026-05-12T06:42:34.187Z,,,1372.9452376723,0,yes,0.1,2026-05-12T06:42:34.187Z,0.002356506057670406,gmgn,smart_degen,axiom,bundler|paper_hands,,
237,watch,27.6,AQkohxE6oK7vk6iptS6EpuBUCtAgBqbq9mHitCy5fHkn,https://gmgn.ai/sol/address/AQkohxE6oK7vk6iptS6EpuBUCtAgBqbq9mHitCy5fHkn,,,,0,0,0.000,4,4,4,0.1,,2026-05-12T06:42:34.186Z,,,610.5447771368952,0,yes,0.1,2026-05-12T06:42:34.186Z,0.003890966479784042,gmgn,smart_degen,fomo,bundler|paper_hands,,
238,watch,27,6eecmrGx5JfFhvT7ewyVpr46zqxnLCkgR6vMicu4cJtM,https://gmgn.ai/sol/address/6eecmrGx5JfFhvT7ewyVpr46zqxnLCkgR6vMicu4cJtM,,,,0,0,0.000,2,2,2,0.1,,2026-05-12T06:42:46.145Z,,,2219.01909995869,0,yes,0.1,2026-05-12T06:42:46.145Z,0.00003771439859277816,gmgn,smart_degen,padre,paper_hands,,
239,watch,26.9,5Q2DzmV4kuV7vAzDh18Ft47TPXR9NmaD4dmJLNdgdcVk,https://gmgn.ai/sol/address/5Q2DzmV4kuV7vAzDh18Ft47TPXR9NmaD4dmJLNdgdcVk,,,,0,0,0.000,5,5,5,0.1,,2026-05-12T06:42:46.142Z,,,212.61866288006,0,yes,0.1,2026-05-12T06:42:46.142Z,0.00015301687007174652,gmgn,smart_degen,axiom,bundler|paper_hands,,
240,watch,26.6,C54VjFRKp65azsxWyCHaFBZeZ9Z9Hu595fqFmDU3Z6mp,https://gmgn.ai/sol/address/C54VjFRKp65azsxWyCHaFBZeZ9Z9Hu595fqFmDU3Z6mp,,,,0,0,0.000,2,2,2,0.1,,2026-05-12T06:42:46.142Z,,,1920.68601169058,0,yes,0.1,2026-05-12T06:42:46.142Z,0.000023425279945723738,gmgn,smart_degen,axiom,paper_hands,,
241,watch,26.5,G5nxEXuFMfV74DSnsrSatqCW32F34XUnBeq3PfDS7w5E,https://gmgn.ai/sol/address/G5nxEXuFMfV74DSnsrSatqCW32F34XUnBeq3PfDS7w5E,profit | eca.eth,FlippingProfits,profit | eca.eth,0,0,0.000,1,1,0.25,0.1,,2026-05-12T06:42:16.142Z,,,588.8210456592,0,yes,0.1,2026-05-12T06:42:16.142Z,0.0024966829535454245,gmgn|okx,renowned|kol,kol|axiom|photon|trojan,bundler,,
242,watch,26.2,S2CR7k6qj1Crydn1cT2atLs55tH6nww9KbU2znmnrCC,https://gmgn.ai/sol/address/S2CR7k6qj1Crydn1cT2atLs55tH6nww9KbU2znmnrCC,,,,0,0,0.000,5,4,4.77,0.1,,2026-05-12T06:42:34.187Z,,,349.1320227899,0,yes,0.1,2026-05-12T06:42:34.187Z,0.0009232091982345156,gmgn,smart_degen,axiom,bundler|paper_hands,,
243,watch,25.9,CxsJB94STV4ZyWqtN3YxvY277cQtcsNDngKZB8BvCAMY,https://gmgn.ai/sol/address/CxsJB94STV4ZyWqtN3YxvY277cQtcsNDngKZB8BvCAMY,Jicrazy,Crypto_Jicrazy,Jicrazy,0,0,0.000,2,2,0.51,0.1,,2026-05-12T06:42:34.190Z,,,-87.1603772816,0,yes,0.1,2026-05-12T06:42:34.190Z,0.008355494994583216,okx|gmgn,kol|renowned,kol|axiom|photon|gmgn,bundler|paper_hands,,
244,watch,25.9,DCwFPkDf6VorxNE1cxR38Fxc18mFq7uPweU735FwyzAj,https://gmgn.ai/sol/address/DCwFPkDf6VorxNE1cxR38Fxc18mFq7uPweU735FwyzAj,,,,0,0,0.000,3,2,2.86,0.1,,2026-05-12T06:42:32.164Z,,,1445.101705432714,0,yes,0.1,2026-05-12T06:42:32.164Z,0.0005194763850058326,gmgn,smart_degen,axiom|trojan,paper_hands,,
245,watch,25.9,Dv32u9mvSXGVNshf7xM7afuMoPRifQxzuzEjfmfMysZY,https://gmgn.ai/sol/address/Dv32u9mvSXGVNshf7xM7afuMoPRifQxzuzEjfmfMysZY,deecayz ⌐◨-◨,deecayz,deecayz ⌐◨-◨,0,0,0.000,2,2,0.5,0.1,,2026-05-12T06:42:34.190Z,,,-13070.4881483402,0,yes,0.1,2026-05-12T06:42:34.190Z,0.001934964593423185,gmgn|okx,renowned|kol,kol|trojan|padre,bundler|transfer_in,,
246,watch,25.9,EA4MXkyF8C2NzY8fw2acJPuarmoU271KRCCAYpLzMBJr,https://gmgn.ai/sol/address/EA4MXkyF8C2NzY8fw2acJPuarmoU271KRCCAYpLzMBJr,Grimace,naughtygrimace,Grimace,0,0,0.000,2,2,0.51,0.1,,2026-05-12T06:42:34.193Z,,,-64.69131102044,0,yes,0.1,2026-05-12T06:42:34.193Z,0.006394133034735203,okx|gmgn,kol|renowned,kol|axiom,bundler|paper_hands,,
247,watch,25.9,EQaxqKT3N981QBmdSUGNzAGK5S26zUwAdRHhBCgn87zD,https://gmgn.ai/sol/address/EQaxqKT3N981QBmdSUGNzAGK5S26zUwAdRHhBCgn87zD,jamessmith,luckedhub,jamessmith,0,0,0.000,2,2,0.5,0.1,,2026-05-12T06:42:32.173Z,,,-0.180011779,0,yes,0.1,2026-05-12T06:42:32.173Z,0.0006187867676142263,gmgn|okx,renowned|kol,kol|axiom|trojan|padre,paper_hands|bundler|transfer_in,,
248,watch,25.7,3SA869Axyteo9ncUN75MUNScutzgZu874VjtyxfaSE6f,https://gmgn.ai/sol/address/3SA869Axyteo9ncUN75MUNScutzgZu874VjtyxfaSE6f,,,,0,0,0.000,2,2,2,0.1,,2026-05-12T06:42:38.125Z,,,1368.83951236645,0,yes,0.1,2026-05-12T06:42:38.125Z,0.000021275872922115283,gmgn,smart_degen,axiom,bundler|paper_hands,,
249,watch,25.7,A4f83euLT4sMDiE2xWfmLD7TZD2uZyoToCNLqubxLGrf,https://gmgn.ai/sol/address/A4f83euLT4sMDiE2xWfmLD7TZD2uZyoToCNLqubxLGrf,,,,0,0,0.000,3,2,2.86,0.1,,2026-05-12T06:42:16.123Z,,,1365.1095174411432,0,yes,0.1,2026-05-12T06:42:16.123Z,0.00862636143254776,gmgn,smart_degen,gmgn,bundler,,
250,watch,25.3,3nG9zBc6fTne3j9kkS1CB5quyt25CS29GEjvMGNKmDSz,https://gmgn.ai/sol/address/3nG9zBc6fTne3j9kkS1CB5quyt25CS29GEjvMGNKmDSz,,,,0,0,0.000,2,2,0.51,0.1,,2026-05-12T06:42:16.140Z,,,244.79318810643,0,yes,0.1,2026-05-12T06:42:16.140Z,0.00005083310011635104,gmgn,smart_degen,gmgn,bundler|paper_hands,,
